"Fecha","Hora","Demanda (MW)","Generación (MW)","Pronóstico (MW)"
"2020/01/01","0","3894.42","7906.42","0.00"
"2020/01/01","1","3908.33","7844.00","4059.92"
"2020/01/01","2","3921.50","7756.58","4290.58"
"2020/01/01","3","3856.42","7612.50","4182.67"
"2020/01/01","4","3811.83","7276.67","4100.67"
"2020/01/01","5","3742.92","6953.42","4049.08"
"2020/01/01","6","3780.83","6669.58","4000.08"
"2020/01/01","7","3803.83","6443.17","4379.00"
"2020/01/01","8","3706.92","6479.42","4372.58"
"2020/01/01","9","3785.42","6470.08","4209.75"
"2020/01/01","10","3904.83","6477.08","4251.00"
"2020/01/01","11","4003.92","6833.08","4317.00"
"2020/01/01","12","4097.33","7325.00","4351.00"
"2020/01/01","13","4064.50","7438.42","4347.00"
"2020/01/01","14","4123.58","7680.25","4294.00"
"2020/01/01","15","4171.83","7829.08","4278.42"
"2020/01/01","16","4250.58","7815.08","4208.00"
"2020/01/01","17","4264.91","8260.55","4211.00"
"2020/01/01","18","4470.17","9454.67","4286.17"
"2020/01/01","19","4599.92","9875.00","4417.67"
"2020/01/01","20","4591.17","9876.50","4379.50"
"2020/01/01","21","4577.67","9593.42","4209.08"
"2020/01/01","22","4420.67","9234.50","4063.83"
"2020/01/01","23","4372.50","8947.42","3976.83"
"2020/01/02","0","4176.92","8435.75","0.00"
"2020/01/02","1","4090.67","8023.75","3801.00"
"2020/01/02","2","4070.25","7873.08","3735.92"
"2020/01/02","3","3968.25","7851.67","3648.42"
"2020/01/02","4","4002.08","8035.17","3568.58"
"2020/01/02","5","4066.42","8239.17","3505.17"
"2020/01/02","6","4341.75","8525.42","3449.00"
"2020/01/02","7","4568.75","9166.00","3419.00"
"2020/01/02","8","4844.92","9379.00","3319.00"
"2020/01/02","9","4980.92","9332.17","3286.00"
"2020/01/02","10","5054.17","9483.50","3333.42"
"2020/01/02","11","5186.58","9845.42","3400.00"
"2020/01/02","12","5360.25","9873.33","3499.00"
"2020/01/02","13","5435.58","9692.17","3545.00"
"2020/01/02","14","5519.58","9598.58","3572.00"
"2020/01/02","15","5440.50","9649.75","3567.00"
"2020/01/02","16","5447.50","10121.25","3570.00"
"2020/01/02","17","5401.08","10851.42","3603.00"
"2020/01/02","18","5401.50","10931.33","3705.00"
"2020/01/02","19","5448.08","10918.92","4101.00"
"2020/01/02","20","5463.67","10755.00","4285.00"
"2020/01/02","21","5390.36","10700.00","4352.00"
"2020/01/02","22","5340.17","10357.25","4330.00"
"2020/01/02","23","5350.33","10358.58","4254.67"
"2020/01/03","0","5151.42","10213.33","354.00"
"2020/01/03","1","4914.83","10099.33","3676.75"
"2020/01/03","2","4902.17","9904.75","3884.50"
"2020/01/03","3","4793.83","9703.58","3800.58"
"2020/01/03","4","4811.33","9927.92","3780.25"
"2020/01/03","5","4826.00","10094.67","3818.42"
"2020/01/03","6","4896.67","10313.75","3934.75"
"2020/01/03","7","5111.58","10335.00","4176.92"
"2020/01/03","8","5383.50","10273.42","4465.67"
"2020/01/03","9","5482.33","10257.83","4646.75"
"2020/01/03","10","5590.75","10215.67","4849.83"
"2020/01/03","11","5564.92","10418.00","4980.00"
"2020/01/03","12","5441.00","10321.58","5061.58"
"2020/01/03","13","5522.17","10278.33","5112.00"
"2020/01/03","14","5538.25","10308.25","5112.00"
"2020/01/03","15","5522.00","10375.58","5098.25"
"2020/01/03","16","5470.50","10425.83","5088.00"
"2020/01/03","17","5366.42","10643.00","5106.00"
"2020/01/03","18","5422.08","10882.00","5091.00"
"2020/01/03","19","5512.08","11214.25","5146.92"
"2020/01/03","20","5383.83","10887.50","5216.17"
"2020/01/03","21","5357.00","10772.00","5211.92"
"2020/01/03","22","5368.08","10668.75","5125.00"
"2020/01/03","23","5374.00","10547.50","5027.00"
"2020/01/04","0","5194.08","10281.33","0.00"
"2020/01/04","1","5078.25","10068.33","4756.00"
"2020/01/04","2","4881.91","9675.45","4584.00"
"2020/01/04","3","4847.75","9535.50","4499.67"
"2020/01/04","4","4959.08","9500.33","4476.42"
"2020/01/04","5","4890.17","9516.33","4474.08"
"2020/01/04","6","4994.17","9795.00","4532.67"
"2020/01/04","7","5113.92","10102.50","4773.58"
"2020/01/04","8","5178.58","10000.33","4997.58"
"2020/01/04","9","5354.17","9986.92","5144.00"
"2020/01/04","10","5358.33","9971.00","5262.00"
"2020/01/04","11","5318.58","9945.33","5316.08"
"2020/01/04","12","5336.33","9931.83","5340.25"
"2020/01/04","13","5289.33","9788.67","5342.92"
"2020/01/04","14","5165.08","9457.33","5334.75"
"2020/01/04","15","5109.08","9419.75","5344.00"
"2020/01/04","16","5053.42","9248.92","5315.00"
"2020/01/04","17","5031.08","10022.67","5282.00"
"2020/01/04","18","5302.50","10441.50","5252.00"
"2020/01/04","19","5253.83","10575.25","5290.00"
"2020/01/04","20","5250.33","11010.17","5334.92"
"2020/01/04","21","5141.42","11038.83","5281.25"
"2020/01/04","22","5101.17","10864.33","5205.42"
"2020/01/04","23","5065.67","10325.25","5155.92"
"2020/01/05","0","4870.58","10038.42","429.33"
"2020/01/05","1","4842.67","9491.25","4429.33"
"2020/01/05","2","4735.67","9212.17","4672.50"
"2020/01/05","3","4701.50","9153.50","4537.00"
"2020/01/05","4","4559.58","9001.58","4476.00"
"2020/01/05","5","4521.17","8945.92","4462.00"
"2020/01/05","6","4533.83","8930.92","4485.00"
"2020/01/05","7","4387.92","8823.08","4544.00"
"2020/01/05","8","4434.18","8654.55","4634.00"
"2020/01/05","9","4551.42","8358.17","4758.50"
"2020/01/05","10","4668.00","8312.58","4853.33"
"2020/01/05","11","4608.42","8110.92","4917.83"
"2020/01/05","12","4668.42","7892.25","4931.25"
"2020/01/05","13","4648.08","7742.08","4907.25"
"2020/01/05","14","4656.25","7690.50","4849.08"
"2020/01/05","15","4600.42","7693.58","4737.67"
"2020/01/05","16","4656.92","7800.75","4653.75"
"2020/01/05","17","4690.17","8715.83","4622.25"
"2020/01/05","18","4976.92","10380.25","4673.17"
"2020/01/05","19","5201.75","11886.25","4906.00"
"2020/01/05","20","5189.92","11714.50","4868.00"
"2020/01/05","21","5091.92","11067.25","4784.00"
"2020/01/05","22","4977.42","10111.17","4736.00"
"2020/01/05","23","5000.67","9691.75","4651.00"
"2020/01/06","0","4882.75","9582.75","0.00"
"2020/01/06","1","4884.42","9350.42","4461.00"
"2020/01/06","2","4773.00","9134.83","4339.00"
"2020/01/06","3","4788.42","9123.00","4227.17"
"2020/01/06","4","4774.92","9099.75","4127.00"
"2020/01/06","5","4879.50","9086.08","4106.83"
"2020/01/06","6","5043.42","9419.58","4083.00"
"2020/01/06","7","5374.17","10236.75","4061.00"
"2020/01/06","8","5547.25","10817.00","4021.00"
"2020/01/06","9","5742.17","10659.50","4065.00"
"2020/01/06","10","5866.08","10735.33","4142.92"
"2020/01/06","11","5854.00","10837.17","4200.00"
"2020/01/06","12","5807.83","10938.83","4245.00"
"2020/01/06","13","5824.73","10960.73","4264.00"
"2020/01/06","14","5852.92","10786.83","4260.33"
"2020/01/06","15","5861.00","10711.00","4237.08"
"2020/01/07","16","5724.00","10730.00","5487.00"
"2020/01/07","17","5693.00","11101.58","5478.75"
"2020/01/07","18","5653.92","11675.50","5431.25"
"2020/01/07","19","5744.83","11915.33","5424.25"
"2020/01/07","20","5765.50","11711.75","5457.00"
"2020/01/07","21","5646.50","11678.92","5451.75"
"2020/01/07","22","5490.00","11468.58","5399.67"
"2020/01/07","23","5452.08","10571.33","5319.83"
"2020/01/08","0","5259.83","9700.42","442.75"
"2020/01/08","1","5107.00","9374.58","4709.83"
"2020/01/08","2","5047.17","9038.17","4991.33"
"2020/01/08","3","5043.17","8618.50","4856.58"
"2020/01/08","4","5012.17","8548.25","4783.75"
"2020/01/08","5","5128.08","8967.33","4811.00"
"2020/01/08","6","5319.42","10290.08","4889.00"
"2020/01/08","7","5532.17","10897.25","5152.42"
"2020/01/08","8","5671.92","11106.33","5332.67"
"2020/01/08","9","5781.17","11137.33","5395.58"
"2020/01/08","10","5751.50","11131.92","5481.58"
"2020/01/08","11","5732.42","11403.00","5559.58"
"2020/01/08","12","5790.67","11604.17","5606.33"
"2020/01/08","13","5850.08","11781.42","5642.08"
"2020/01/08","14","5830.75","11691.92","5642.25"
"2020/01/08","15","5836.50","11595.83","5633.75"
"2020/01/08","16","5881.25","11798.50","5600.00"
"2020/01/08","17","5731.08","12040.75","5565.83"
"2020/01/08","18","5819.25","12051.83","5541.92"
"2020/01/08","19","5865.75","12254.58","5557.42"
"2020/01/08","20","5850.58","12188.67","5625.00"
"2020/01/08","21","5776.75","11848.08","5597.08"
"2020/01/08","22","5657.83","11657.92","5534.42"
"2020/01/08","23","5613.83","11654.67","5457.50"
"2020/01/09","0","5472.00","10658.50","454.25"
"2020/01/09","1","5329.50","10180.00","4747.42"
"2020/01/09","2","5251.67","9893.08","5044.25"
"2020/01/09","3","5252.42","9800.33","4911.00"
"2020/01/09","4","5213.00","9823.75","4860.58"
"2020/01/09","5","5322.00","10037.92","4885.42"
"2020/01/09","6","5512.17","11032.92","5030.08"
"2020/01/09","7","5745.75","11651.58","5233.67"
"2020/01/09","8","5952.08","11693.92","5417.83"
"2020/01/09","9","5981.33","11887.08","5545.75"
"2020/01/09","10","5955.00","11967.42","5643.08"
"2020/01/09","11","5937.83","11702.08","5710.58"
"2020/01/09","12","5945.42","11483.58","5737.08"
"2020/01/09","13","5951.42","11326.00","5722.50"
"2020/01/09","14","5985.25","11464.92","5725.58"
"2020/01/09","15","5976.17","11580.25","5697.58"
"2020/01/09","16","5987.17","11375.50","5696.83"
"2020/01/09","17","5858.42","11462.00","5674.08"
"2020/01/09","18","5839.58","11869.75","5651.83"
"2020/01/09","19","5908.67","11709.92","5725.17"
"2020/01/09","20","5876.67","11577.25","5805.33"
"2020/01/09","21","5779.92","11483.58","5788.17"
"2020/01/09","22","5725.58","11323.25","5697.08"
"2020/01/09","23","5724.42","11200.33","5592.75"
"2020/01/10","0","5543.25","10954.08","465.33"
"2020/01/10","1","5389.92","10513.00","4706.17"
"2020/01/10","2","5280.83","9829.58","5003.83"
"2020/01/10","3","5266.50","9718.33","4917.83"
"2020/01/10","4","5184.83","9774.50","4847.08"
"2020/01/10","5","5403.58","10334.83","4849.33"
"2020/01/10","6","5471.50","11153.17","4945.33"
"2020/01/10","7","5677.33","11212.83","5175.83"
"2020/01/10","8","5862.17","11401.75","5362.83"
"2020/01/10","9","6005.17","11143.25","5510.00"
"2020/01/10","10","6098.92","10885.50","5598.08"
"2020/01/10","11","6146.00","10846.25","5660.92"
"2020/01/10","12","6213.00","10763.58","5714.58"
"2020/01/10","13","6177.67","10866.00","5736.42"
"2020/01/10","14","6197.25","11051.92","5751.75"
"2020/01/10","15","6245.25","11005.25","5730.08"
"2020/01/10","16","6239.17","11178.00","5713.33"
"2020/01/10","17","6082.67","11303.67","5684.50"
"2020/01/10","18","5907.33","11903.75","5631.58"
"2020/01/10","19","5931.25","11833.83","5722.33"
"2020/01/10","20","5950.58","11633.25","5808.00"
"2020/01/10","21","5797.67","11329.67","5784.17"
"2020/01/10","22","5719.00","11189.25","5678.08"
"2020/01/10","23","5607.08","10893.33","5589.25"
"2020/01/11","0","5578.00","11088.92","465.17"
"2020/01/11","1","5366.08","10876.42","4878.50"
"2020/01/11","2","5251.25","10793.67","5186.33"
"2020/01/11","3","5031.17","10641.00","5089.67"
"2020/01/11","4","5072.08","10338.42","5030.67"
"2020/01/11","5","5097.42","10171.83","5038.83"
"2020/01/11","6","5099.17","10410.33","5110.58"
"2020/01/11","7","5178.50","10553.17","5325.08"
"2020/01/11","8","5299.33","10512.17","5564.92"
"2020/01/11","9","5395.67","10312.33","5715.17"
"2020/01/11","10","5559.42","10201.17","5804.92"
"2020/01/11","11","5571.83","10136.25","5872.50"
"2020/01/11","12","5485.33","10082.17","5914.67"
"2020/01/11","13","5540.17","10197.08","5946.42"
"2020/01/11","14","5460.25","10177.75","5966.42"
"2020/01/11","15","5359.50","10135.50","5988.17"
"2020/01/11","16","5434.33","9963.92","5986.33"
"2020/01/11","17","5391.25","10499.33","5947.67"
"2020/01/11","18","5657.75","11215.08","5818.08"
"2020/01/11","19","5501.25","11351.58","5827.17"
"2020/01/11","20","5357.75","11607.42","5843.67"
"2020/01/11","21","5253.92","11532.42","5813.83"
"2020/01/11","22","5272.83","11401.67","5698.25"
"2020/01/11","23","5099.33","11169.33","5606.42"
"2020/01/12","0","4934.75","10630.25","466.58"
"2020/01/12","1","4921.17","10155.33","4821.67"
"2020/01/12","2","4765.58","10057.17","5137.17"
"2020/01/12","3","4729.50","9809.08","5023.33"
"2020/01/12","4","4772.67","9577.92","4953.50"
"2020/01/12","5","4716.50","9537.25","4927.83"
"2020/01/12","6","4624.33","9410.25","4942.50"
"2020/01/12","7","4646.58","9374.75","5001.75"
"2020/01/12","8","4750.17","9245.58","5106.00"
"2020/01/12","9","4899.25","9107.33","5218.58"
"2020/01/12","10","4891.75","9167.42","5338.92"
"2020/01/12","11","4797.83","9234.33","5403.08"
"2020/01/12","12","4787.58","9227.08","5430.00"
"2020/01/12","13","4864.42","9203.75","5412.75"
"2020/01/12","14","4825.58","9265.00","5345.92"
"2020/01/12","15","4778.42","9285.33","5241.00"
"2020/01/12","16","4855.17","9319.00","5130.25"
"2020/01/12","17","4592.25","9379.42","5099.50"
"2020/01/12","18","4840.67","10460.67","5066.08"
"2020/01/12","19","5268.00","11534.08","5232.75"
"2020/01/12","20","5322.25","11583.25","5166.42"
"2020/01/12","21","5290.00","11508.83","5095.75"
"2020/01/12","22","5211.67","11364.17","5028.58"
"2020/01/12","23","5190.17","10765.33","5009.67"
"2020/01/13","0","5081.67","9862.83","417.25"
"2020/01/13","1","5034.00","9665.17","4219.42"
"2020/01/13","2","4882.25","9263.58","4497.17"
"2020/01/13","3","4928.75","9137.08","4382.50"
"2020/01/13","4","5081.00","9287.25","4301.58"
"2020/01/13","5","4979.42","9426.17","4255.58"
"2020/01/13","6","5272.50","10549.08","4254.75"
"2020/01/13","7","5754.17","11250.83","4264.17"
"2020/01/13","8","5904.92","11185.17","4281.50"
"2020/01/13","9","6021.75","11007.42","4334.33"
"2020/01/13","10","5939.55","11140.64","4379.91"
"2020/01/13","11","6010.33","11322.75","4439.92"
"2020/01/13","12","6120.00","11490.58","4473.42"
"2020/01/13","13","6188.50","11675.25","4498.00"
"2020/01/13","14","6237.17","11787.42","4477.08"
"2020/01/13","15","6110.42","11804.50","4438.33"
"2020/01/13","16","6043.83","11737.83","4402.00"
"2020/01/13","17","5987.58","11889.33","4509.92"
"2020/01/13","18","5993.50","12067.17","4593.33"
"2020/01/13","19","5981.33","12116.42","4889.67"
"2020/01/13","20","6067.50","11912.00","5018.67"
"2020/01/13","21","5949.17","11855.58","5119.67"
"2020/01/13","22","5850.92","11873.00","5104.17"
"2020/01/13","23","5755.33","11614.92","4990.17"
"2020/01/14","0","5620.67","10735.17","415.00"
"2020/01/14","1","5498.42","10146.33","4178.17"
"2020/01/14","2","5399.58","9774.17","4449.83"
"2020/01/14","3","5486.50","9657.92","4365.00"
"2020/01/14","4","5369.17","9337.50","4335.33"
"2020/01/14","5","5357.00","9466.67","4350.50"
"2020/01/14","6","5582.92","10215.58","4504.17"
"2020/01/14","7","5812.67","10928.50","4780.50"
"2020/01/14","8","5891.00","11075.17","5098.83"
"2020/01/14","9","6107.17","11003.67","5315.00"
"2020/01/14","10","6116.00","10991.75","5462.58"
"2020/01/14","11","6258.25","11301.83","5545.67"
"2020/01/14","12","6336.25","11521.25","5589.58"
"2020/01/14","13","6441.75","11456.83","5645.25"
"2020/01/14","14","6324.75","11525.67","5669.25"
"2020/01/14","15","6307.00","11956.82","5672.82"
"2020/01/14","16","6216.33","12031.17","5640.00"
"2020/01/14","17","6130.08","12079.42","5570.08"
"2020/01/14","18","6135.92","12275.17","5498.00"
"2020/01/14","19","6119.50","11602.25","5514.00"
"2020/01/14","20","6128.33","11259.92","5598.50"
"2020/01/14","21","6030.25","11417.08","5597.75"
"2020/01/14","22","5891.50","11496.75","5517.83"
"2020/01/14","23","5847.75","11595.58","5423.17"
"2020/01/15","0","5603.83","11216.25","451.33"
"2020/01/15","1","5543.42","10513.33","4350.00"
"2020/01/15","2","5429.17","10217.00","5077.00"
"2020/01/15","3","5384.17","9636.33","4983.33"
"2020/01/15","4","5350.58","9576.75","4933.83"
"2020/01/15","5","5389.92","9999.75","4949.25"
"2020/01/15","6","5664.75","11061.08","5028.92"
"2020/01/15","7","5860.33","11468.92","5267.00"
"2020/01/15","8","5986.42","11422.75","5487.83"
"2020/01/15","9","6116.83","11304.92","5651.75"
"2020/01/15","10","6057.75","11355.33","5742.00"
"2020/01/15","11","6180.58","11399.42","5826.92"
"2020/01/15","12","6230.75","11411.00","5871.58"
"2020/01/15","13","6353.67","11631.42","5922.67"
"2020/01/15","14","6396.17","11738.17","5959.08"
"2020/01/15","15","6339.17","11842.17","5967.50"
"2020/01/15","16","6303.58","11840.50","5987.25"
"2020/01/15","17","6193.00","11931.42","5988.08"
"2020/01/15","18","6124.40","11929.20","5907.00"
"2020/01/15","19","6162.75","11906.83","5893.25"
"2020/01/15","20","6208.83","11808.42","5958.00"
"2020/01/15","21","6152.83","11704.58","5961.25"
"2020/01/15","22","5997.83","11704.67","5884.00"
"2020/01/15","23","5960.00","11513.00","5780.75"
"2020/01/16","0","5772.58","10856.67","481.00"
"2020/01/16","1","5659.67","10091.33","4987.58"
"2020/01/16","2","5545.83","9714.83","5318.17"
"2020/01/16","3","5433.67","9390.42","5211.67"
"2020/01/16","4","5500.08","9409.17","5157.17"
"2020/01/16","5","5509.25","9873.00","5154.83"
"2020/01/16","6","5690.00","10912.17","5227.42"
"2020/01/16","7","5871.08","11171.42","5400.83"
"2020/01/16","8","6115.58","10997.92","5598.42"
"2020/01/16","9","6183.92","10348.58","5756.17"
"2020/01/16","10","6241.58","10568.58","5865.25"
"2020/01/16","11","6258.58","10655.83","5918.00"
"2020/01/16","12","6332.83","10513.67","5988.00"
"2020/01/16","13","6402.25","9939.08","6033.42"
"2020/01/16","14","6450.00","9771.83","6051.67"
"2020/01/16","15","6396.83","9829.25","6071.33"
"2020/01/16","16","6311.67","10073.58","6077.58"
"2020/01/16","17","6211.17","10366.42","6058.75"
"2020/01/16","18","6106.42","10646.25","5969.92"
"2020/01/16","19","6155.17","10589.33","5935.42"
"2020/01/16","20","6128.33","10381.58","6008.17"
"2020/01/16","21","6083.17","10458.83","5996.67"
"2020/01/16","22","5909.25","10359.08","5907.00"
"2020/01/16","23","5884.25","10142.75","5823.83"
"2020/01/17","0","5730.25","10027.50","484.75"
"2020/01/17","1","5641.92","9889.08","4973.83"
"2020/01/17","2","5575.92","9879.83","5294.33"
"2020/01/17","3","5539.42","9591.17","5183.67"
"2020/01/17","4","5473.08","9629.08","5139.33"
"2020/01/17","5","5488.75","9941.33","5147.00"
"2020/01/17","6","5700.50","10385.17","5233.25"
"2020/01/17","7","5964.67","10561.92","5458.25"
"2020/01/17","8","6118.00","10514.75","5653.08"
"2020/01/17","9","6246.75","10538.50","5807.42"
"2020/01/17","10","6308.00","10320.92","5884.17"
"2020/01/17","11","6375.75","10432.42","5973.42"
"2020/01/17","12","6396.83","10313.33","6044.25"
"2020/01/17","13","6442.25","10225.25","6086.00"
"2020/01/17","14","6383.50","10220.67","6125.50"
"2020/01/17","15","6294.42","10175.42","6140.83"
"2020/01/17","16","6227.25","10117.50","6142.92"
"2020/01/17","17","6107.00","10039.92","6112.75"
"2020/01/17","18","5980.17","9918.58","6011.00"
"2020/01/17","19","5968.58","9976.50","5979.08"
"2020/01/17","20","5897.33","10282.67","5994.42"
"2020/01/17","21","5852.58","10352.42","5972.17"
"2020/01/17","22","5858.42","10462.67","5872.83"
"2020/01/17","23","5789.83","10274.92","5766.83"
"2020/01/18","0","5715.50","9813.08","479.83"
"2020/01/18","1","5484.25","9343.75","4995.83"
"2020/01/18","2","5266.50","9175.67","5329.00"
"2020/01/18","3","5138.92","9107.33","5229.08"
"2020/01/18","4","5201.17","9230.25","5184.33"
"2020/01/18","5","5251.17","9348.92","5192.92"
"2020/01/18","6","5337.83","9418.42","5255.42"
"2020/01/18","7","5362.25","9363.83","5492.00"
"2020/01/18","8","5524.58","9403.50","5615.67"
"2020/01/18","9","5637.83","9379.50","5758.83"
"2020/01/18","10","5717.75","9152.58","5872.75"
"2020/01/18","11","5859.50","9419.42","5949.83"
"2020/01/18","12","5893.83","9449.25","6002.67"
"2020/01/18","13","5852.50","9464.00","6045.92"
"2020/01/18","14","5806.83","9345.75","6074.67"
"2020/01/18","15","5704.25","8866.50","6084.50"
"2020/01/18","16","5677.33","8863.50","6073.17"
"2020/01/18","17","5627.58","9162.83","6021.58"
"2020/01/18","18","5736.92","9425.92","5936.33"
"2020/01/18","19","5627.17","9426.58","5874.00"
"2020/01/18","20","5512.92","9552.08","5880.00"
"2020/01/18","21","5466.83","9649.00","5841.00"
"2020/01/18","22","5360.83","9594.75","5733.08"
"2020/01/18","23","5132.00","9478.33","5644.25"
"2020/01/19","0","5011.50","9413.75","469.75"
"2020/01/19","1","4912.25","8723.50","4893.17"
"2020/01/19","2","4769.75","8436.42","5190.42"
"2020/01/19","3","4768.67","8133.17","5063.33"
"2020/01/19","4","4717.25","7969.50","4998.00"
"2020/01/19","5","4628.67","7776.50","4975.58"
"2020/01/19","6","4570.33","7722.00","4982.33"
"2020/01/19","7","4614.67","7760.25","5023.42"
"2020/01/19","8","4626.42","7705.33","5099.42"
"2020/01/19","9","4637.58","7534.83","5200.42"
"2020/01/19","10","4750.33","7664.17","5308.92"
"2020/01/19","11","4773.08","7766.42","5398.67"
"2020/01/19","12","4741.33","7759.42","5460.08"
"2020/01/19","13","4870.67","7692.08","5457.67"
"2020/01/19","14","4769.33","8025.42","5429.50"
"2020/01/19","15","4756.83","8350.17","5323.42"
"2020/01/19","16","4790.25","8548.25","5215.00"
"2020/01/19","17","4850.50","9205.42","5168.50"
"2020/01/19","18","5140.92","9472.83","5132.58"
"2020/01/19","19","5343.92","9689.83","5288.58"
"2020/01/19","20","5342.25","9673.50","5213.17"
"2020/01/19","21","5348.00","9565.25","5165.58"
"2020/01/19","22","5198.33","9627.42","5108.83"
"2020/01/19","23","5106.67","9386.92","5027.92"
"2020/01/20","0","4933.00","8570.00","418.42"
"2020/01/20","1","4834.92","8042.92","4268.00"
"2020/01/20","2","4726.42","7706.50","4526.75"
"2020/01/20","3","4700.00","7737.42","4402.25"
"2020/01/20","4","4728.58","7783.50","4326.00"
"2020/01/20","5","4920.58","8247.50","4286.08"
"2020/01/20","6","5257.75","9665.42","4253.67"
"2020/01/20","7","5631.58","10244.17","4251.00"
"2020/01/20","8","5951.58","10390.25","4286.75"
"2020/01/20","9","6037.67","10359.92","4312.00"
"2020/01/20","10","6144.83","10283.58","4386.42"
"2020/01/20","11","6118.50","10314.58","4465.42"
"2020/01/20","12","6068.42","10217.08","4528.83"
"2020/01/20","13","6084.17","10149.58","4550.50"
"2020/01/20","14","6008.67","10022.17","4542.83"
"2020/01/20","15","5950.00","10060.67","4527.33"
"2020/01/20","16","5910.17","10205.83","4478.33"
"2020/01/20","17","5788.33","10240.58","4524.42"
"2020/01/20","18","5819.08","10453.25","4593.17"
"2020/01/20","19","5854.83","10506.17","4852.00"
"2020/01/20","20","5910.92","10596.58","5057.42"
"2020/01/20","21","5884.33","10718.58","5107.92"
"2020/01/20","22","5761.42","10726.17","5045.92"
"2020/01/20","23","5785.50","10523.33","4941.67"
"2020/01/21","0","5504.50","9962.75","410.17"
"2020/01/21","1","5463.83","9384.67","3897.50"
"2020/01/21","2","5262.75","8920.00","4534.00"
"2020/01/21","3","5219.25","8482.33","4438.50"
"2020/01/21","4","5231.50","8296.50","4400.75"
"2020/01/21","5","5291.25","8760.17","4426.42"
"2020/01/21","6","5666.58","9914.67","4591.25"
"2020/01/21","7","5904.83","10649.75","4985.50"
"2020/01/21","8","6130.50","10918.17","5331.67"
"2020/01/21","9","6182.33","10970.92","5495.67"
"2020/01/21","10","6263.92","10940.25","5637.25"
"2020/01/21","11","6270.75","10921.00","5729.67"
"2020/01/21","12","6370.83","11039.75","5759.92"
"2020/01/21","13","6296.83","10879.50","5762.92"
"2020/01/21","14","6302.83","11019.83","5753.83"
"2020/01/21","15","6313.75","10779.33","5731.00"
"2020/01/21","16","6281.00","10806.08","5711.58"
"2020/01/21","17","6149.42","11153.00","5681.58"
"2020/01/21","18","6047.50","11654.83","5711.08"
"2020/01/21","19","6133.17","11656.42","5834.08"
"2020/01/21","20","6168.92","11537.83","5724.00"
"2020/01/21","21","6034.33","11454.75","5724.92"
"2020/01/21","22","6052.92","11642.42","5689.33"
"2020/01/21","23","5982.92","11347.75","5629.33"
"2020/01/22","0","5705.58","10198.00","468.17"
"2020/01/22","1","5476.50","9882.92","4865.67"
"2020/01/22","2","5380.75","9663.00","5146.67"
"2020/01/22","3","5264.33","9483.58","5027.50"
"2020/01/22","4","5265.67","9178.25","4962.08"
"2020/01/22","5","5430.75","9612.17","4996.42"
"2020/01/22","6","5724.67","10908.17","5097.17"
"2020/01/22","7","5927.25","11468.08","5367.25"
"2020/01/22","8","6061.75","11306.67","5588.08"
"2020/01/22","9","6210.75","11303.83","5736.17"
"2020/01/22","10","6259.92","11173.67","5819.50"
"2020/01/22","11","6269.67","11220.00","5882.83"
"2020/01/22","12","6183.00","11012.58","5902.67"
"2020/01/22","13","6187.25","11005.00","5900.33"
"2020/01/22","14","6277.75","10917.83","5882.58"
"2020/01/22","15","6244.67","10719.83","5858.08"
"2020/01/22","16","6240.17","10612.83","5830.33"
"2020/01/22","17","6081.83","10573.67","5823.42"
"2020/01/22","18","6021.58","10884.17","5800.50"
"2020/01/22","19","6081.42","11428.50","5799.67"
"2020/01/22","20","6043.42","11427.67","5825.67"
"2020/01/22","21","6015.00","11307.17","5832.17"
"2020/01/22","22","5994.08","10991.42","5778.00"
"2020/01/22","23","5942.17","10822.67","5657.50"
"2020/01/23","0","5759.17","10811.83","470.58"
"2020/01/23","1","5610.42","10640.92","4937.17"
"2020/01/23","2","5514.75","10458.17","5275.08"
"2020/01/23","3","5449.75","10338.83","5150.42"
"2020/01/23","4","5416.33","10310.67","5103.33"
"2020/01/23","5","5441.25","10267.83","5116.00"
"2020/01/23","6","5647.92","10617.00","5197.92"
"2020/01/23","7","5872.58","10657.75","5443.33"
"2020/01/23","8","5869.75","10604.33","5684.08"
"2020/01/23","9","5957.67","10642.92","5846.08"
"2020/01/23","10","6030.50","10671.83","5947.92"
"2020/01/23","11","6075.33","10802.33","5986.25"
"2020/01/23","12","6032.50","10815.50","5966.08"
"2020/01/23","13","6113.50","10926.00","5966.75"
"2020/01/23","14","6162.17","10861.83","5919.33"
"2020/01/23","15","6032.08","11323.50","5874.67"
"2020/01/23","16","5939.42","11125.33","5825.17"
"2020/01/23","17","5829.08","11350.08","5773.33"
"2020/01/23","18","5809.92","11811.75","5705.75"
"2020/01/23","19","5880.08","12458.33","5678.92"
"2020/01/23","20","5926.83","12602.75","5748.50"
"2020/01/23","21","5775.25","12313.67","5751.33"
"2020/01/23","22","5736.17","11996.58","5692.33"
"2020/01/23","23","5687.42","11876.67","5615.50"
"2020/01/24","0","5536.58","11194.67","934.83"
"2020/01/24","1","5548.17","10513.25","4971.08"
"2020/01/24","2","5292.58","9968.42","5259.83"
"2020/01/24","3","5251.08","9849.08","5129.50"
"2020/01/24","4","5266.17","9903.83","5081.42"
"2020/01/24","5","5386.25","10130.50","5100.92"
"2020/01/24","6","5594.33","11417.83","5214.83"
"2020/01/24","7","5825.92","12376.33","5436.75"
"2020/01/24","8","5914.33","12276.67","5655.83"
"2020/01/24","9","6044.75","11498.33","5786.75"
"2020/01/24","10","6123.75","10876.58","5873.08"
"2020/01/24","11","6148.42","10834.92","5891.92"
"2020/01/24","12","6125.75","10941.17","5905.83"
"2020/01/24","13","6125.17","10825.25","5884.08"
"2020/01/24","14","6060.25","10871.50","5873.75"
"2020/01/24","15","5960.75","10819.33","5855.58"
"2020/01/24","16","5894.25","11043.00","5843.92"
"2020/01/24","17","5793.75","11346.33","5801.75"
"2020/01/24","18","5740.25","11933.25","5729.25"
"2020/01/24","19","5774.58","12137.75","5834.83"
"2020/01/24","20","5786.92","11969.42","5834.92"
"2020/01/24","21","5830.75","11979.33","5818.42"
"2020/01/24","22","5790.83","11638.17","5716.17"
"2020/01/24","23","5817.67","11366.42","5608.92"
"2020/01/25","0","5516.50","10441.58","466.67"
"2020/01/25","1","5422.50","10026.33","4925.25"
"2020/01/25","2","5273.67","9783.50","5212.58"
"2020/01/25","3","5229.17","9600.42","5107.25"
"2020/01/25","4","5222.33","9509.33","5065.08"
"2020/01/25","5","5206.83","9477.92","5073.92"
"2020/01/25","6","5255.58","9601.42","5204.25"
"2020/01/25","7","5384.33","10126.17","5490.08"
"2020/01/25","8","5467.58","10492.67","5715.75"
"2020/01/25","9","5645.08","11068.58","5802.75"
"2020/01/25","10","5704.08","11214.00","5873.17"
"2020/01/25","11","5794.17","11603.83","5893.67"
"2020/01/25","12","5755.25","11584.17","5910.58"
"2020/01/25","13","5751.83","11289.75","5925.75"
"2020/01/25","14","5565.42","11001.08","5922.42"
"2020/01/25","15","5469.08","10799.92","5908.25"
"2020/01/25","16","5398.08","11010.75","5890.50"
"2020/01/25","17","5412.75","11510.33","5843.17"
"2020/01/25","18","5604.67","11595.67","5907.33"
"2020/01/25","19","5565.67","11721.08","5881.83"
"2020/01/25","20","5469.17","11555.17","5809.83"
"2020/01/25","21","5458.50","11793.50","5751.17"
"2020/01/25","22","5364.08","11585.25","5671.83"
"2020/01/25","23","5253.75","10835.08","5604.17"
"2020/01/26","0","5049.58","10157.58","466.00"
"2020/01/26","1","4953.92","9562.67","4748.33"
"2020/01/26","2","4862.08","9378.25","5048.92"
"2020/01/26","3","4777.42","9238.17","4931.58"
"2020/01/26","4","4776.58","9291.25","4873.42"
"2020/01/26","5","4794.50","9069.33","4844.25"
"2020/01/26","6","4759.33","8900.25","4895.17"
"2020/01/26","7","4771.83","8974.25","4990.75"
"2020/01/26","8","4746.17","8946.75","5115.42"
"2020/01/26","9","4705.50","8920.75","5245.17"
"2020/01/26","10","4857.33","8862.25","5366.00"
"2020/01/26","11","4863.75","8868.58","5449.33"
"2020/01/26","12","4919.67","8796.92","5469.75"
"2020/01/26","13","4957.17","8830.92","5472.83"
"2020/01/26","14","4997.42","9022.67","5431.75"
"2020/01/26","15","4973.50","9039.17","5345.50"
"2020/01/26","16","4922.33","8891.50","5260.08"
"2020/01/26","17","4993.75","9648.67","5204.42"
"2020/01/26","18","5257.50","10484.42","5208.25"
"2020/01/26","19","5492.67","11235.08","5336.42"
"2020/01/26","20","5498.33","11378.50","5250.83"
"2020/01/26","21","5376.50","11284.00","5164.08"
"2020/01/26","22","5238.42","10917.42","5078.17"
"2020/01/26","23","5025.42","10357.42","4948.17"
"2020/01/27","0","4933.58","9845.17","411.42"
"2020/01/27","1","4774.83","9162.58","4398.17"
"2020/01/27","2","4719.25","8933.92","4664.17"
"2020/01/27","3","4786.58","8916.00","4561.25"
"2020/01/27","4","4842.42","8921.50","4508.83"
"2020/01/27","5","4966.25","9253.75","4441.33"
"2020/01/27","6","5302.58","10911.92","4438.75"
"2020/01/27","7","5531.00","11591.67","4455.50"
"2020/01/27","8","5733.92","11559.75","4444.17"
"2020/01/27","9","5888.75","11266.00","4467.75"
"2020/01/27","10","6006.42","11214.25","4543.33"
"2020/01/27","11","6129.58","11130.58","4637.08"
"2020/01/27","12","6168.58","11302.58","4705.50"
"2020/01/27","13","6201.75","11097.42","4747.67"
"2020/01/27","14","6295.75","11035.67","4777.58"
"2020/01/27","15","6067.50","11083.50","4774.50"
"2020/01/27","16","6183.75","11437.00","4741.92"
"2020/01/27","17","6083.75","11948.25","4746.33"
"2020/01/27","18","5903.83","12345.75","4801.08"
"2020/01/27","19","6100.58","12636.17","5015.00"
"2020/01/27","20","5994.42","12669.25","5214.58"
"2020/01/27","21","5956.08","12418.67","5279.58"
"2020/01/27","22","5814.58","12455.75","5248.25"
"2020/01/27","23","5777.33","12015.58","5151.50"
"2020/01/28","0","5535.25","11589.08","428.58"
"2020/01/28","1","5420.42","10849.75","4231.33"
"2020/01/28","2","5291.17","10341.50","4538.08"
"2020/01/28","3","5257.33","10310.08","4470.50"
"2020/01/28","4","5329.58","10409.08","4429.25"
"2020/01/28","5","5451.17","10693.83","4472.75"
"2020/01/28","6","5582.42","11474.83","4594.33"
"2020/01/28","7","5837.17","11570.75","4920.33"
"2020/01/28","8","5944.42","11225.67","5231.33"
"2020/01/28","9","6051.00","10979.67","5446.75"
"2020/01/28","10","6124.67","10472.58","5583.17"
"2020/01/28","11","5844.58","10271.33","5693.00"
"2020/01/28","12","6231.17","10457.25","5771.67"
"2020/01/28","13","6291.92","10873.58","5819.25"
"2020/01/28","14","6203.33","10598.08","5847.75"
"2020/01/28","15","6180.83","10142.67","5863.75"
"2020/01/28","16","6301.92","10589.83","5862.25"
"2020/01/28","17","6202.50","11359.58","5851.00"
"2020/01/28","18","6014.00","12121.92","5763.83"
"2020/01/28","19","6106.00","12067.25","5792.67"
"2020/01/28","20","6055.17","12099.50","5851.92"
"2020/01/28","21","5952.17","11953.25","5833.17"
"2020/01/28","22","5832.83","11639.58","5731.08"
"2020/01/28","23","5621.00","11337.42","5584.50"
"2020/01/29","0","5616.83","10686.17","464.33"
"2020/01/29","1","5470.83","10067.42","4830.83"
"2020/01/29","2","5339.75","9828.17","5134.33"
"2020/01/29","3","5296.83","9774.92","5029.42"
"2020/01/29","4","5335.75","9826.08","5002.67"
"2020/01/29","5","5407.17","10454.25","5007.42"
"2020/01/29","6","5472.08","11055.08","5102.42"
"2020/01/29","7","5654.17","10986.75","5325.50"
"2020/01/29","8","5822.75","10699.42","5522.83"
"2020/01/29","9","5921.00","10806.58","5651.75"
"2020/01/29","10","5974.08","10981.50","5718.83"
"2020/01/29","11","6097.33","10748.33","5791.50"
"2020/01/29","12","5999.58","10301.75","5854.50"
"2020/01/29","13","5984.92","9814.42","5909.42"
"2020/01/29","14","6025.58","9695.00","5948.83"
"2020/01/29","15","6038.00","9923.92","5974.92"
"2020/01/29","16","6006.58","10284.25","5976.08"
"2020/01/29","17","5941.58","10623.75","5925.58"
"2020/01/29","18","5880.50","11291.00","5817.42"
"2020/01/29","19","5963.67","11611.83","5771.33"
"2020/01/29","20","5937.50","11920.92","5820.50"
"2020/01/29","21","5826.33","11486.17","5806.83"
"2020/01/29","22","5680.67","10516.25","5666.33"
"2020/01/29","23","5618.08","10351.50","5522.00"
"2020/01/30","0","5540.13","10209.63","688.75"
"2020/01/30","1","5417.33","10060.58","4896.83"
"2020/01/30","2","5355.67","9997.08","5211.83"
"2020/01/30","3","5303.33","9927.58","5096.42"
"2020/01/30","4","5328.50","9835.75","5023.75"
"2020/01/30","5","5323.25","9856.33","5052.83"
"2020/01/30","6","5534.00","10663.08","5145.83"
"2020/01/30","7","5776.75","11328.08","5372.17"
"2020/01/30","8","5937.67","11306.33","5571.67"
"2020/01/30","9","5979.33","11101.00","5715.42"
"2020/01/30","10","5931.08","10675.25","5826.92"
"2020/01/30","11","6113.33","10634.67","5881.83"
"2020/01/30","12","6096.83","10614.17","5939.17"
"2020/01/30","13","6123.50","10516.00","5966.00"
"2020/01/30","14","6017.58","10318.58","5965.25"
"2020/01/30","15","6068.75","10405.83","5952.17"
"2020/01/30","16","6082.08","10616.75","5920.75"
"2020/01/30","17","5885.92","10537.92","5871.25"
"2020/01/30","18","5935.42","10904.83","5776.25"
"2020/01/30","19","5976.50","11770.17","5752.42"
"2020/01/30","20","6003.50","11739.17","5786.75"
"2020/01/30","21","5906.75","11821.42","5766.17"
"2020/01/30","22","5698.17","11702.75","5673.25"
"2020/01/30","23","5780.17","11556.67","5540.33"
"2020/01/31","0","5665.67","11093.17","460.75"
"2020/01/31","1","5569.75","10797.50","4866.58"
"2020/01/31","2","5413.67","10514.58","5180.67"
"2020/01/31","3","5427.50","10370.67","5069.08"
"2020/01/31","4","5450.00","10352.00","5022.42"
"2020/01/31","5","5399.08","10639.08","5042.83"
"2020/01/31","6","5525.92","11466.25","5153.33"
"2020/01/31","7","5716.75","11600.42","5485.75"
"2020/01/31","8","5979.92","11650.67","5684.50"
"2020/01/31","9","6091.83","11539.33","5689.00"
"2020/01/31","10","6126.33","11480.00","5746.67"
"2020/01/31","11","6112.00","11348.75","5774.00"
"2020/01/31","12","5977.67","11334.92","5775.08"
"2020/01/31","13","5992.25","11309.75","5773.33"
"2020/01/31","14","5919.50","11010.75","5773.92"
"2020/01/31","15","5692.92","10819.42","5761.17"
"2020/01/31","16","5728.42","10775.75","5748.08"
"2020/01/31","17","5684.50","11013.92","5710.33"
"2020/01/31","18","5629.17","11253.92","5667.58"
"2020/01/31","19","5753.25","11261.42","5660.33"
"2020/01/31","20","5851.50","11288.92","5777.33"
"2020/01/31","21","5774.58","11366.58","5776.08"
"2020/01/31","22","5711.92","11315.25","5702.58"
"2020/01/31","23","5633.33","10801.25","5621.75"
"2020/02/01","0","5514.92","10208.92","467.92"
"2020/02/01","1","5351.08","9647.08","4843.67"
"2020/02/01","2","5223.25","9297.67","5146.50"
"2020/02/01","3","5152.08","9189.83","5056.08"
"2020/02/01","4","5084.42","9310.50","5003.17"
"2020/02/01","5","5114.50","9394.83","4998.17"
"2020/02/01","6","5211.25","9476.58","5119.00"
"2020/02/01","7","5286.25","9470.67","5417.83"
"2020/02/01","8","5477.33","9370.00","5540.25"
"2020/02/01","9","5461.83","9058.33","5659.00"
"2020/02/01","10","5496.25","9932.75","5750.58"
"2020/02/01","11","5528.42","10031.08","5785.50"
"2020/02/01","12","5452.00","9846.42","5801.75"
"2020/02/01","13","5322.33","9809.83","5795.67"
"2020/02/01","14","5092.83","9213.08","5775.75"
"2020/02/01","15","5118.17","9109.50","5744.67"
"2020/02/01","16","5282.75","9486.75","5715.42"
"2020/02/01","17","5226.17","9844.83","5681.83"
"2020/02/01","18","5305.25","10006.42","5636.83"
"2020/02/01","19","5463.58","10286.08","5600.00"
"2020/02/01","20","5393.00","10435.25","5629.08"
"2020/02/01","21","5315.83","10423.00","5605.42"
"2020/02/01","22","5113.08","10284.08","5513.17"
"2020/02/01","23","4990.50","9542.00","5431.67"
"2020/02/02","0","4924.42","8968.92","452.08"
"2020/02/02","1","4786.58","8773.17","4877.58"
"2020/02/02","2","4668.75","8601.75","5216.83"
"2020/02/02","3","4619.75","8404.42","5103.42"
"2020/02/02","4","4533.67","8289.83","5035.42"
"2020/02/02","5","4608.17","8285.08","4999.75"
"2020/02/02","6","4525.75","8493.42","5022.67"
"2020/02/02","7","4572.75","8637.00","5139.58"
"2020/02/02","8","4572.92","8518.00","5201.33"
"2020/02/02","9","4589.17","8371.50","5324.25"
"2020/02/02","10","4622.67","8495.58","5421.67"
"2020/02/02","11","4714.17","8450.83","5481.17"
"2020/02/02","12","4711.33","8305.75","5494.17"
"2020/02/02","13","4719.50","8283.08","5451.92"
"2020/02/02","14","4658.17","8245.42","5372.83"
"2020/02/02","15","4633.50","8575.83","5241.33"
"2020/02/02","16","4653.58","8960.42","5134.67"
"2020/02/02","17","4812.42","9133.17","5093.00"
"2020/02/02","18","4813.58","9948.92","5129.42"
"2020/02/02","19","4990.50","10799.50","5317.25"
"2020/02/02","20","5020.17","10665.50","5360.58"
"2020/02/02","21","4832.83","9892.83","5337.33"
"2020/02/02","22","4702.75","9539.17","5228.67"
"2020/02/02","23","4597.42","9048.92","5054.92"
"2020/02/03","0","4568.83","8783.25","420.00"
"2020/02/03","1","4469.75","8500.00","4276.25"
"2020/02/03","2","4392.67","8312.58","4528.42"
"2020/02/03","3","4361.00","8403.00","4397.75"
"2020/02/03","4","4378.33","8417.75","4321.92"
"2020/02/03","5","4323.58","8322.58","4271.08"
"2020/02/03","6","4324.25","8610.00","4245.92"
"2020/02/03","7","4446.92","8756.83","4237.58"
"2020/02/03","8","4407.75","8908.25","4236.08"
"2020/02/03","9","4630.17","9158.75","4277.25"
"2020/02/03","10","4814.58","9932.67","4317.67"
"2020/02/03","11","4830.25","10159.25","4377.83"
"2020/02/03","12","4894.00","10009.91","4453.00"
"2020/02/03","13","4923.67","10144.92","4484.75"
"2020/02/03","14","4946.17","10160.17","4496.17"
"2020/02/03","15","4940.83","10157.00","4483.25"
"2020/02/03","16","4911.67","10203.17","4448.08"
"2020/02/03","17","4913.08","10218.92","4452.33"
"2020/02/03","18","5039.42","10323.00","4508.00"
"2020/02/03","19","5190.83","10426.33","4740.33"
"2020/02/03","20","5244.50","10465.17","4933.33"
"2020/02/03","21","5228.00","10479.33","4976.50"
"2020/02/03","22","5210.50","10461.08","4899.25"
"2020/02/03","23","5114.58","10297.58","4756.33"
"2020/02/04","0","4940.17","9927.33","395.33"
"2020/02/04","1","4818.92","9734.58","4003.08"
"2020/02/04","2","4815.67","9349.17","4266.17"
"2020/02/04","3","4734.00","9334.50","4213.92"
"2020/02/04","4","4740.25","9158.08","4191.75"
"2020/02/04","5","4944.75","9392.83","4196.42"
"2020/02/04","6","5275.50","10517.08","4193.33"
"2020/02/04","7","5598.75","10764.00","4230.58"
"2020/02/04","8","5804.08","11209.75","4301.83"
"2020/02/04","9","5953.67","11300.17","4396.00"
"2020/02/04","10","6047.83","11057.75","4509.42"
"2020/02/04","11","6045.42","11044.75","4647.33"
"2020/02/04","12","6140.17","11222.33","4720.67"
"2020/02/04","13","6124.50","11078.42","4772.42"
"2020/02/04","14","6107.75","11105.42","4795.25"
"2020/02/04","15","6062.50","11085.42","4783.25"
"2020/02/04","16","6147.20","11038.80","4778.00"
"2020/02/04","17","5997.63","11276.88","4758.00"
"2020/02/04","18","6090.92","11486.17","4778.83"
"2020/02/04","19","6098.50","11563.50","5024.08"
"2020/02/04","20","6103.50","11588.67","5257.75"
"2020/02/04","21","6001.33","11634.83","5270.58"
"2020/02/04","22","5895.92","11371.92","5225.08"
"2020/02/04","23","5729.50","11113.50","5069.75"
"2020/02/05","0","5571.00","11128.64","459.64"
"2020/02/05","1","5470.33","10831.58","4367.00"
"2020/02/05","2","5332.08","10283.25","4653.08"
"2020/02/05","3","5260.67","9934.92","4584.33"
"2020/02/05","4","5327.75","9799.83","4541.42"
"2020/02/05","5","5332.00","10200.17","4563.67"
"2020/02/05","6","5487.50","10756.67","4686.08"
"2020/02/05","7","5604.00","11085.00","4983.00"
"2020/02/05","8","5747.67","11002.33","5229.00"
"2020/02/05","9","5763.08","10770.08","5414.00"
"2020/02/05","10","5822.50","10686.75","5583.00"
"2020/02/05","11","5815.58","10671.58","5707.00"
"2020/02/05","12","5847.42","10617.92","5840.75"
"2020/02/05","13","5905.50","10627.75","5963.83"
"2020/02/05","14","5912.08","10725.00","6051.00"
"2020/02/05","15","5947.08","10686.83","6117.58"
"2020/02/05","16","5966.42","10571.92","6143.17"
"2020/02/05","17","5910.83","10749.08","6116.58"
"2020/02/05","18","6025.83","11481.08","6020.50"
"2020/02/05","19","6066.58","11752.58","5935.92"
"2020/02/05","20","6094.58","11869.50","5962.92"
"2020/02/05","21","5980.00","11771.25","5913.75"
"2020/02/05","22","5861.92","11516.42","5818.25"
"2020/02/05","23","5850.75","11282.08","5697.25"
"2020/02/06","0","5636.42","11018.58","473.92"
"2020/02/06","1","5502.42","10597.83","4850.08"
"2020/02/06","2","5400.50","10351.50","5161.75"
"2020/02/06","3","5345.17","10240.00","5028.08"
"2020/02/06","4","5368.42","10273.00","4961.08"
"2020/02/06","5","5510.83","10664.08","4960.58"
"2020/02/06","6","5756.67","11328.42","5039.83"
"2020/02/06","7","5952.83","11290.33","5253.25"
"2020/02/06","8","6233.00","11263.67","5443.42"
"2020/02/06","9","6181.42","10949.08","5595.58"
"2020/02/06","10","6160.33","10319.00","5734.50"
"2020/02/06","11","6130.92","10446.00","5826.67"
"2020/02/06","12","5914.42","10172.33","5890.83"
"2020/02/06","13","5704.25","10221.67","5931.75"
"2020/02/06","14","5699.00","10052.08","5957.92"
"2020/02/06","15","5704.83","10071.17","5969.17"
"2020/02/06","16","5665.92","9956.75","5984.75"
"2020/02/06","17","5699.00","10068.58","5959.42"
"2020/02/06","18","5810.25","10679.17","5997.33"
"2020/02/06","19","5910.08","10921.17","5920.33"
"2020/02/06","20","5939.42","11099.50","5954.25"
"2020/02/06","21","5952.42","11209.50","5793.92"
"2020/02/06","22","5831.83","11364.50","5696.50"
"2020/02/06","23","5852.08","11437.75","5552.42"
"2020/02/07","0","5610.92","10901.33","461.67"
"2020/02/07","1","5533.75","10125.92","4845.50"
"2020/02/07","2","5526.25","9942.83","5194.33"
"2020/02/07","3","5442.58","9884.75","5109.92"
"2020/02/07","4","5370.50","9850.83","5069.08"
"2020/02/07","5","5531.08","9985.08","5078.83"
"2020/02/07","6","5782.58","10623.75","5176.25"
"2020/02/07","7","5950.67","11249.58","5449.00"
"2020/02/07","8","6044.25","11244.25","5637.08"
"2020/02/07","9","6086.42","10764.92","5755.33"
"2020/02/07","10","6055.33","10397.67","5818.17"
"2020/02/07","11","6062.08","10013.92","5844.00"
"2020/02/07","12","6031.50","10024.17","5858.83"
"2020/02/07","13","6067.33","10180.67","5855.42"
"2020/02/07","14","6071.33","10222.42","5847.67"
"2020/02/07","15","6060.50","10537.58","5833.25"
"2020/02/07","16","6108.67","10586.67","5817.33"
"2020/02/07","17","5919.08","10659.00","5774.75"
"2020/02/07","18","5983.75","10877.67","5748.08"
"2020/02/07","19","5950.67","11114.17","5740.50"
"2020/02/07","20","5882.50","11023.33","5795.92"
"2020/02/07","21","5771.42","11014.50","5797.33"
"2020/02/07","22","5593.83","10847.33","5742.00"
"2020/02/07","23","5612.00","10601.25","5657.25"
"2020/02/08","0","5400.17","10235.42","470.83"
"2020/02/08","1","5316.33","9715.67","5053.58"
"2020/02/08","2","5328.42","9427.83","5351.67"
"2020/02/08","3","5225.42","9254.08","5237.08"
"2020/02/08","4","5201.75","9475.92","5188.58"
"2020/02/08","5","5173.17","9478.33","5192.33"
"2020/02/08","6","5253.42","9490.17","5275.50"
"2020/02/08","7","5206.33","9531.67","5482.83"
"2020/02/08","8","5389.33","9476.75","5713.67"
"2020/02/08","9","5595.42","9570.58","5865.00"
"2020/02/08","10","5586.92","9834.67","5913.67"
"2020/02/08","11","5685.92","10364.50","5916.08"
"2020/02/08","12","5673.75","10574.08","5911.42"
"2020/02/08","13","5742.50","11000.25","5872.50"
"2020/02/08","14","5587.83","10638.92","5839.67"
"2020/02/08","15","5523.33","10530.17","5808.58"
"2020/02/08","16","5514.33","10224.42","5769.33"
"2020/02/08","17","5494.17","9936.75","5757.75"
"2020/02/08","18","5506.33","10602.42","5708.42"
"2020/02/08","19","5734.75","10967.58","5689.33"
"2020/02/08","20","5746.00","10836.58","5707.25"
"2020/02/08","21","5564.42","10869.58","5696.17"
"2020/02/08","22","5372.83","10762.58","5658.33"
"2020/02/08","23","5157.83","10248.50","5589.58"
"2020/02/09","0","5041.00","9735.50","930.67"
"2020/02/09","1","4945.25","9324.33","4827.17"
"2020/02/09","2","4807.00","9308.67","5119.33"
"2020/02/09","3","4756.00","9240.33","5016.17"
"2020/02/09","4","4718.25","9115.50","4931.00"
"2020/02/09","5","4732.58","9090.75","4899.25"
"2020/02/09","6","4658.33","8845.83","4925.33"
"2020/02/09","7","4656.00","8833.00","5008.92"
"2020/02/09","8","4604.08","8688.75","5106.75"
"2020/02/09","9","4796.58","8349.83","5219.50"
"2020/02/09","10","4871.75","8311.42","5337.17"
"2020/02/09","11","4916.25","8502.50","5387.33"
"2020/02/09","12","5021.00","8749.75","5406.58"
"2020/02/09","13","5085.58","9091.33","5394.25"
"2020/02/09","14","5096.17","9200.92","5337.08"
"2020/02/09","15","5142.67","9641.50","5248.58"
"2020/02/09","16","5198.33","10040.83","5170.42"
"2020/02/09","17","5232.08","9890.33","5131.00"
"2020/02/09","18","5311.33","11167.08","5161.00"
"2020/02/09","19","5549.17","11846.75","5294.17"
"2020/02/09","20","5645.58","11728.33","5376.58"
"2020/02/09","21","5629.50","11499.83","5354.58"
"2020/02/09","22","5434.83","11253.25","5246.58"
"2020/02/09","23","5363.08","10492.67","5076.58"
"2020/02/10","0","5224.25","9969.83","421.83"
"2020/02/10","1","5108.17","9474.50","4268.00"
"2020/02/10","2","4984.83","9342.42","4519.42"
"2020/02/10","3","5012.17","9285.25","4418.08"
"2020/02/10","4","5040.58","9389.25","4313.75"
"2020/02/10","5","5082.75","9623.67","4283.00"
"2020/02/10","6","5452.58","11085.42","4270.92"
"2020/02/10","7","5759.83","11448.33","4250.75"
"2020/02/10","8","5977.50","11529.60","4209.40"
"2020/02/10","9","6016.83","11525.33","4228.33"
"2020/02/10","17","6639.33","12243.56","4634.00"
"2020/02/10","18","6571.17","12104.50","4638.17"
"2020/02/10","20","6457.00","12459.00","5225.00"
"2020/02/10","21","6416.08","12475.67","5255.25"
"2020/02/10","22","6331.50","12196.58","5198.42"
"2020/02/10","23","6224.83","12074.58","5028.92"
"2020/02/11","0","6093.75","11939.08","835.67"
"2020/02/11","1","5885.58","11638.00","4446.75"
"2020/02/11","2","5651.67","11240.67","4744.67"
"2020/02/11","3","5622.92","10923.67","4656.17"
"2020/02/11","4","5578.00","10837.58","4611.42"
"2020/02/11","5","5654.42","11086.50","4643.75"
"2020/02/11","6","5769.58","11340.58","4804.67"
"2020/02/11","7","6088.33","11518.08","5154.50"
"2020/02/11","8","6190.75","11428.67","5416.00"
"2020/02/11","9","6374.20","11478.60","5622.40"
"2020/02/11","10","6462.20","11127.20","5784.00"
"2020/02/11","11","6473.33","11373.83","5886.67"
"2020/02/11","12","6505.50","11627.50","5975.75"
"2020/02/11","13","6546.00","11606.92","6038.00"
"2020/02/11","14","6568.75","11491.17","6083.33"
"2020/02/11","15","6393.08","11271.75","6128.25"
"2020/02/11","16","6313.58","11131.58","6153.08"
"2020/02/11","17","6192.83","11201.00","6155.92"
"2020/02/11","18","6206.75","11631.33","6052.42"
"2020/02/11","19","6164.58","11968.83","5958.00"
"2020/02/11","20","6117.58","11895.42","6061.08"
"2020/02/11","21","6063.50","11510.00","6040.83"
"2020/02/11","22","5973.92","11303.92","5941.75"
"2020/02/11","23","5884.42","11166.67","5818.42"
"2020/02/12","0","5763.17","11262.25","484.00"
"2020/02/12","1","5502.50","10797.17","5203.00"
"2020/02/12","2","5172.50","10179.25","5540.33"
"2020/02/12","3","5063.08","9927.67","5407.92"
"2020/02/12","4","5363.50","9697.33","5343.83"
"2020/02/12","5","5687.00","9941.42","5310.58"
"2020/02/12","6","5900.92","10458.33","5410.67"
"2020/02/12","7","5963.33","10781.33","5589.58"
"2020/02/12","8","6090.75","10964.67","5740.67"
"2020/02/12","9","6183.33","11015.67","5879.50"
"2020/02/12","10","6262.92","11103.67","6008.33"
"2020/02/12","11","6260.08","11418.75","6073.08"
"2020/02/12","12","6325.00","11471.58","6117.42"
"2020/02/12","13","6212.92","11072.17","6159.50"
"2020/02/12","14","6297.42","10763.92","6193.25"
"2020/02/12","15","6211.33","11101.33","6209.33"
"2020/02/12","16","6111.00","11334.67","6213.83"
"2020/02/12","17","6034.17","11368.33","6192.00"
"2020/02/12","18","6090.67","11585.67","6087.33"
"2020/02/12","19","6089.08","11910.75","5951.50"
"2020/02/12","20","6094.67","11886.42","5963.83"
"2020/02/12","21","5954.08","11587.75","5945.83"
"2020/02/12","22","5922.92","11329.50","5864.25"
"2020/02/12","23","5902.25","11168.17","5780.00"
"2020/02/13","0","5746.92","11030.00","481.08"
"2020/02/13","1","5594.75","10920.75","5116.83"
"2020/02/13","2","5482.25","10521.08","5469.25"
"2020/02/13","3","5394.08","10345.00","5354.50"
"2020/02/13","4","5436.83","10362.67","5318.42"
"2020/02/13","5","5573.50","10881.08","5316.92"
"2020/02/13","6","5738.67","11531.58","5392.17"
"2020/02/13","7","5905.50","11624.00","5707.00"
"2020/02/13","8","5941.50","11271.67","5881.67"
"2020/02/13","9","5978.50","10969.00","5922.50"
"2020/02/13","10","6044.92","10800.75","5996.50"
"2020/02/13","11","6103.75","10870.67","6073.58"
"2020/02/13","12","6015.08","10741.75","6109.33"
"2020/02/13","13","6053.83","10728.83","6119.33"
"2020/02/13","14","6078.25","10574.92","6131.92"
"2020/02/13","15","6082.92","10406.42","6137.58"
"2020/02/13","16","5952.00","10193.58","6122.42"
"2020/02/13","17","5844.00","10409.50","6082.50"
"2020/02/13","18","5776.58","10668.08","5994.67"
"2020/02/13","19","5799.75","11165.00","5954.92"
"2020/02/13","20","5933.42","11289.08","5996.00"
"2020/02/13","21","5885.67","11146.17","5971.58"
"2020/02/13","22","5890.92","10834.25","5883.75"
"2020/02/13","23","5904.58","10476.58","5774.25"
"2020/02/14","0","5727.58","9914.33","480.42"
"2020/02/14","1","5537.17","9583.50","5082.00"
"2020/02/14","2","5442.92","9258.83","5430.33"
"2020/02/14","3","5407.92","9357.83","5310.92"
"2020/02/14","4","5395.08","9410.42","5253.33"
"2020/02/14","5","5544.83","9670.50","5280.17"
"2020/02/14","6","5837.83","10727.17","5373.75"
"2020/02/14","7","5987.58","11070.83","5775.25"
"2020/02/14","8","6067.58","10843.75","5943.92"
"2020/02/14","9","6116.42","10529.83","5951.42"
"2020/02/14","10","6191.92","9814.25","5996.83"
"2020/02/14","11","6239.67","9665.67","6013.83"
"2020/02/14","12","6265.33","10046.25","6015.92"
"2020/02/14","13","6207.92","10379.00","6004.08"
"2020/02/14","14","6197.33","10353.08","5993.83"
"2020/02/14","15","6146.92","10275.17","5972.83"
"2020/02/14","16","6166.92","10745.33","5946.25"
"2020/02/14","17","6081.75","11014.92","5897.25"
"2020/02/14","18","5878.00","11446.67","5911.33"
"2020/02/14","19","6042.17","11646.08","5929.50"
"2020/02/14","20","6008.25","11735.83","5959.42"
"2020/02/14","21","5873.08","11729.92","5898.75"
"2020/02/14","22","5752.92","11447.83","5813.25"
"2020/02/14","23","5849.00","11327.42","5719.83"
"2020/02/15","0","5697.08","10928.00","476.00"
"2020/02/15","1","5561.42","10782.42","4952.75"
"2020/02/15","2","5446.58","10448.83","5297.58"
"2020/02/15","3","5301.17","10198.25","5207.33"
"2020/02/15","4","5341.08","10288.50","5157.83"
"2020/02/15","5","5416.50","10415.42","5181.50"
"2020/02/15","6","5378.17","10681.83","5316.92"
"2020/02/15","7","5454.92","10881.75","5584.75"
"2020/02/15","8","5614.08","10921.50","5700.58"
"2020/02/15","9","5782.83","10734.17","5792.42"
"2020/02/15","10","5851.67","10377.58","5862.33"
"2020/02/15","11","5794.83","10420.33","5886.33"
"2020/02/15","12","5755.67","10455.75","5897.17"
"2020/02/15","13","5706.58","10513.83","5901.67"
"2020/02/15","14","5591.25","10219.08","5893.75"
"2020/02/15","15","5517.58","10237.83","5871.92"
"2020/02/15","16","5421.42","10398.25","5876.42"
"2020/02/15","17","5258.00","10571.08","5833.92"
"2020/02/15","18","5365.50","11255.08","5783.25"
"2020/02/15","19","5590.75","11633.67","5787.25"
"2020/02/15","20","5561.17","11460.75","5858.83"
"2020/02/15","21","5320.58","11353.50","5788.67"
"2020/02/15","22","5225.75","11195.50","5717.75"
"2020/02/15","23","5112.42","10734.50","5647.83"
"2020/02/16","0","4934.33","10149.42","469.58"
"2020/02/16","1","4850.67","9462.08","4957.33"
"2020/02/16","2","4581.08","9100.58","5297.08"
"2020/02/16","3","4482.08","8669.42","5185.25"
"2020/02/16","4","4538.42","8446.00","5131.08"
"2020/02/16","5","4583.58","8281.00","5126.08"
"2020/02/16","6","4664.92","8150.83","5169.08"
"2020/02/16","7","4627.50","8266.00","5251.83"
"2020/02/16","8","4584.58","8171.92","5317.67"
"2020/02/16","9","4737.67","8056.75","5403.67"
"2020/02/16","10","4807.17","8047.50","5480.67"
"2020/02/16","11","4854.17","8584.00","5496.17"
"2020/02/16","12","4872.42","8568.42","5512.58"
"2020/02/16","13","4824.58","8524.58","5481.92"
"2020/02/16","14","4890.17","8639.08","5419.42"
"2020/02/16","15","4931.08","8616.00","5322.33"
"2020/02/16","16","4980.92","8685.08","5251.67"
"2020/02/16","17","5022.17","8766.17","5245.08"
"2020/02/16","18","5113.75","9883.58","5269.75"
"2020/02/16","19","5495.00","11159.67","5426.00"
"2020/02/16","20","5473.75","11311.67","5566.50"
"2020/02/16","21","5437.17","11280.50","5554.17"
"2020/02/16","22","5296.33","11050.50","5426.42"
"2020/02/16","23","5075.08","10234.58","5242.67"
"2020/02/17","0","5019.58","9551.33","435.58"
"2020/02/17","1","4926.75","9314.25","4433.92"
"2020/02/17","2","4826.50","9224.42","4706.83"
"2020/02/17","3","4818.08","9026.58","4585.92"
"2020/02/17","4","4867.67","8957.75","4507.25"
"2020/02/17","5","4989.50","9154.67","4482.67"
"2020/02/17","6","5404.50","10210.92","4471.83"
"2020/02/17","7","5623.08","10726.67","4468.50"
"2020/02/17","8","5931.08","10709.42","4473.50"
"2020/02/17","9","6096.67","10803.92","4500.58"
"2020/02/17","10","6240.92","10995.67","4561.67"
"2020/02/17","11","6335.33","11251.58","4604.58"
"2020/02/17","12","6493.33","11643.17","4642.83"
"2020/02/17","13","6508.83","11677.42","4676.25"
"2020/02/17","14","6551.25","11593.50","4694.58"
"2020/02/17","15","6525.25","12019.83","4700.58"
"2020/02/17","16","6564.42","12025.42","4680.83"
"2020/02/17","17","6379.75","12109.08","4733.08"
"2020/02/17","18","6269.25","12069.67","4762.75"
"2020/02/17","19","6414.50","12251.42","4865.83"
"2020/02/17","20","6279.08","12119.00","5171.08"
"2020/02/17","21","6303.33","12015.75","5279.58"
"2020/02/17","22","6236.67","11767.75","5185.25"
"2020/02/17","23","6067.67","11618.42","5064.17"
"2020/02/18","0","5871.75","11294.42","421.17"
"2020/02/18","1","5734.17","10655.17","4355.08"
"2020/02/18","2","5686.33","10163.92","4681.33"
"2020/02/18","3","5555.17","10287.75","4619.17"
"2020/02/18","4","5535.50","10408.25","4584.17"
"2020/02/18","5","5636.25","10706.08","4617.75"
"2020/02/18","6","5697.67","11050.58","4724.58"
"2020/02/18","7","5933.75","11081.25","5078.67"
"2020/02/18","8","6095.83","11083.00","5386.83"
"2020/02/18","9","6275.83","11330.67","5609.08"
"2020/02/18","10","6355.42","11509.08","5786.50"
"2020/02/18","11","6549.75","11679.75","5920.17"
"2020/02/18","12","6674.42","11708.17","6046.50"
"2020/02/18","13","6490.67","11622.25","6139.50"
"2020/02/18","14","6867.33","11759.58","6227.67"
"2020/02/18","15","6823.75","11907.67","6290.00"
"2020/02/18","16","6834.17","12113.08","6323.42"
"2020/02/18","17","6754.25","12403.17","6343.42"
"2020/02/18","18","6735.00","12621.08","6246.00"
"2020/02/18","19","6712.67","12618.67","6189.33"
"2020/02/18","20","6647.33","12334.25","6227.17"
"2020/02/18","21","6541.33","12037.33","6178.75"
"2020/02/18","22","6412.17","11730.42","6081.42"
"2020/02/18","23","6307.67","11359.17","5972.17"
"2020/02/19","0","5974.75","11147.08","496.92"
"2020/02/19","1","5917.92","10709.92","5170.00"
"2020/02/19","2","5735.58","10285.50","5507.08"
"2020/02/19","3","5594.58","9992.25","5368.50"
"2020/02/19","4","5614.75","9844.25","5310.25"
"2020/02/19","5","5672.33","10285.50","5330.75"
"2020/02/19","6","5819.67","10761.50","5388.92"
"2020/02/19","7","5946.83","10815.58","5620.42"
"2020/02/19","8","6039.75","10780.33","5779.42"
"2020/02/19","9","6151.67","10711.92","5916.67"
"2020/02/19","10","6295.58","10779.92","6061.83"
"2020/02/19","11","6317.18","10533.45","6164.91"
"2020/02/19","12","6323.75","10667.08","6278.50"
"2020/02/19","13","6344.08","11021.75","6362.25"
"2020/02/19","14","6407.83","11308.92","6434.08"
"2020/02/19","15","6336.75","11393.67","6489.50"
"2020/02/19","16","6331.33","11391.25","6524.25"
"2020/02/19","17","6204.08","11538.42","6517.83"
"2020/02/19","18","6209.75","11749.42","6413.33"
"2020/02/19","19","6223.83","11682.58","6306.83"
"2020/02/19","20","6167.67","11451.75","6309.92"
"2020/02/19","21","6068.00","11345.83","6248.67"
"2020/02/19","22","5992.92","11108.17","6153.17"
"2020/02/19","23","5855.67","10822.50","6036.83"
"2020/02/20","0","5725.50","10352.25","502.25"
"2020/02/20","1","5450.67","9957.17","5303.83"
"2020/02/20","2","5517.58","9372.92","5640.25"
"2020/02/20","3","5379.00","9280.25","5515.17"
"2020/02/20","4","5399.83","9445.42","5424.33"
"2020/02/20","5","5426.75","9904.50","5418.83"
"2020/02/20","6","5662.83","10593.00","5478.58"
"2020/02/20","7","5853.17","10787.67","5681.08"
"2020/02/20","8","5943.42","11035.33","5754.00"
"2020/02/20","9","6134.58","11171.25","5861.67"
"2020/02/20","10","6235.92","11223.25","5950.75"
"2020/02/20","11","6219.42","11369.00","6020.33"
"2020/02/20","12","6185.92","11212.92","6068.17"
"2020/02/20","13","6309.17","11110.42","6105.92"
"2020/02/20","14","6291.17","11101.58","6109.00"
"2020/02/20","15","6248.42","11190.42","6096.17"
"2020/02/20","16","6281.75","11439.42","6092.25"
"2020/02/20","17","6126.75","11713.08","6068.17"
"2020/02/20","18","6110.67","11762.08","6029.33"
"2020/02/20","19","6154.58","11863.58","6121.33"
"2020/02/20","20","6096.00","11915.00","6159.33"
"2020/02/20","21","6062.08","11833.67","6019.00"
"2020/02/20","22","5995.25","11782.42","5921.67"
"2020/02/20","23","5933.67","11840.42","5814.08"
"2020/02/21","0","5677.00","11057.67","483.75"
"2020/02/21","1","5558.75","10226.67","4515.83"
"2020/02/21","2","5591.08","10185.75","5322.33"
"2020/02/21","3","5422.75","9891.42","5216.33"
"2020/02/21","4","5532.25","9701.00","5148.58"
"2020/02/21","5","5596.58","10029.42","5155.00"
"2020/02/21","6","5684.33","11010.25","5235.75"
"2020/02/21","7","5923.00","11361.33","5475.83"
"2020/02/21","8","6116.42","11654.58","5677.58"
"2020/02/21","9","6282.08","11645.75","5805.83"
"2020/02/21","10","6314.67","11699.17","5915.92"
"2020/02/21","11","6375.75","11550.42","5947.92"
"2020/02/21","12","6288.83","11455.67","5969.25"
"2020/02/21","13","6358.25","11499.25","5964.58"
"2020/02/21","14","6354.83","11394.67","5955.75"
"2020/02/21","15","6197.17","11490.25","5948.58"
"2020/02/21","16","6202.08","11429.08","5937.92"
"2020/02/21","17","6062.50","11470.83","5915.00"
"2020/02/21","18","5965.50","11526.92","5880.92"
"2020/02/21","19","6170.58","11616.08","5893.83"
"2020/02/21","20","6156.25","11448.50","5920.83"
"2020/02/21","21","6133.50","11314.00","5885.42"
"2020/02/21","22","6068.42","11187.33","5795.83"
"2020/02/21","23","6025.50","11132.67","5693.58"
"2020/02/22","0","5885.92","11129.83","473.75"
"2020/02/22","1","5700.17","10785.75","4541.67"
"2020/02/22","2","5626.42","10105.00","5326.25"
"2020/02/22","3","5452.58","9589.58","5205.92"
"2020/02/22","4","5393.92","9604.33","5141.00"
"2020/02/22","5","5553.33","10111.58","5169.92"
"2020/02/22","6","5584.42","10750.00","5283.00"
"2020/02/22","7","5659.58","10875.50","5811.83"
"2020/02/22","8","5806.42","10706.25","6054.25"
"2020/02/22","9","5953.50","10702.17","5892.33"
"2020/02/22","10","5957.83","10451.75","5984.17"
"2020/02/22","11","5960.33","10201.08","6003.17"
"2020/02/22","12","5885.17","10324.25","6017.75"
"2020/02/22","13","5720.75","10563.92","5999.75"
"2020/02/22","14","5625.50","10466.33","5967.75"
"2020/02/22","15","5578.00","10368.83","5934.75"
"2020/02/22","16","5557.25","10571.25","5913.67"
"2020/02/22","17","5528.42","11043.00","5874.42"
"2020/02/22","18","5552.58","11375.75","5833.42"
"2020/02/22","19","5730.67","11335.08","5824.50"
"2020/02/22","20","5743.50","11377.42","5865.25"
"2020/02/22","21","5601.58","11320.17","5836.92"
"2020/02/22","22","5380.00","11288.75","5729.50"
"2020/02/22","23","5124.83","10643.33","5626.50"
"2020/02/23","0","4929.92","9631.58","468.17"
"2020/02/23","1","4724.75","9407.50","5060.92"
"2020/02/23","2","4663.00","9372.17","5369.75"
"2020/02/23","3","4601.92","8847.00","5240.50"
"2020/02/23","4","4582.08","8675.00","5161.25"
"2020/02/23","5","4609.50","8697.92","5144.92"
"2020/02/23","6","4585.83","8740.83","5165.08"
"2020/02/23","7","4584.75","8605.25","5258.67"
"2020/02/23","8","4620.42","8424.92","5360.42"
"2020/02/23","9","4639.08","8163.17","5477.08"
"2020/02/23","10","4765.58","8114.58","5591.50"
"2020/02/23","11","4839.42","8071.75","5658.75"
"2020/02/23","12","4817.42","8068.00","5635.58"
"2020/02/23","13","4834.50","8206.50","5620.17"
"2020/02/23","14","4828.67","8252.08","5555.75"
"2020/02/23","15","4844.17","8310.67","5450.08"
"2020/02/23","16","4918.00","8655.25","5367.67"
"2020/02/23","17","4837.08","8885.92","5307.83"
"2020/02/23","18","5006.00","9790.67","5309.42"
"2020/02/23","19","5314.75","10537.75","5424.58"
"2020/02/23","20","5403.00","11230.17","5589.92"
"2020/02/23","21","5338.50","11317.67","5571.92"
"2020/02/23","22","5252.67","10734.75","5437.00"
"2020/02/23","23","5149.50","10219.67","5260.83"
"2020/02/24","0","4981.33","9388.67","435.67"
"2020/02/24","1","4835.25","9107.17","4542.08"
"2020/02/24","2","4806.92","9051.92","4819.33"
"2020/02/24","3","4741.67","9123.75","4683.25"
"2020/02/24","4","4814.83","9090.00","4602.33"
"2020/02/24","5","5007.00","9740.75","4569.42"
"2020/02/24","6","5323.00","10372.67","4534.92"
"2020/02/24","7","5542.08","10342.33","4547.58"
"2020/02/24","8","5847.42","10758.50","4543.50"
"2020/02/24","9","5970.17","10695.17","4569.58"
"2020/02/24","10","6111.92","11111.67","4660.00"
"2020/02/24","11","6201.42","11350.83","4740.42"
"2020/02/24","12","6234.92","11428.17","4791.00"
"2020/02/24","13","6393.42","11426.92","4825.25"
"2020/02/24","14","6380.08","11359.17","4852.75"
"2020/02/24","15","6419.17","11324.08","4855.00"
"2020/02/24","16","6563.75","11495.17","4848.58"
"2020/02/24","17","6434.08","11549.17","4865.42"
"2020/02/24","18","6159.83","11852.50","4915.58"
"2020/02/24","19","6302.75","12030.25","5126.25"
"2020/02/24","20","6345.25","12068.17","5382.42"
"2020/02/24","21","6189.67","11677.75","5440.67"
"2020/02/24","22","6088.67","11397.42","5389.83"
"2020/02/24","23","5881.50","11254.92","5239.67"
"2020/02/25","0","5753.58","10808.08","435.58"
"2020/02/25","1","5672.92","10680.75","4035.00"
"2020/02/25","2","5515.67","10674.08","4728.67"
"2020/02/25","3","5447.33","10737.42","4653.75"
"2020/02/25","4","5430.25","10711.83","4627.33"
"2020/02/25","5","5430.92","10666.42","4640.42"
"2020/02/25","6","5624.33","10814.00","4785.92"
"2020/02/25","7","5810.75","11061.83","5098.17"
"2020/02/25","8","5904.58","11149.92","5451.33"
"2020/02/25","9","6018.17","11108.75","5686.08"
"2020/02/25","10","6061.50","11064.33","5838.83"
"2020/02/25","11","6274.17","11013.83","5972.92"
"2020/02/25","12","6343.25","11046.50","6070.17"
"2020/02/25","13","6377.92","10865.83","6153.17"
"2020/02/25","14","6486.33","11200.92","6212.25"
"2020/02/25","15","6444.64","11341.64","6257.91"
"2020/02/25","16","6431.09","11514.82","6289.27"
"2020/02/25","17","6331.33","11530.92","6306.67"
"2020/02/25","18","6161.50","11753.33","6192.50"
"2020/02/25","19","6159.50","12181.58","6059.17"
"2020/02/25","20","6136.67","12020.92","6112.17"
"2020/02/25","21","6024.00","11501.58","6080.42"
"2020/02/25","22","5884.17","11520.00","5976.17"
"2020/02/25","23","5681.83","11448.33","5874.42"
"2020/02/26","0","5463.25","11270.83","488.83"
"2020/02/26","1","5321.17","11148.25","5154.42"
"2020/02/26","2","5189.25","10650.33","5482.75"
"2020/02/26","3","5070.17","10505.33","5361.83"
"2020/02/26","4","5133.00","10615.25","5273.17"
"2020/02/26","5","5042.25","10493.75","5271.50"
"2020/02/26","6","5168.25","10810.50","5370.08"
"2020/02/26","7","5462.50","11119.67","5522.00"
"2020/02/26","8","5599.33","11234.08","5697.25"
"2020/02/26","9","5755.17","10920.42","5837.58"
"2020/02/26","10","5835.58","10822.08","5980.08"
"2020/02/26","11","5868.42","10685.67","6099.25"
"2020/02/26","12","5858.75","10397.83","6223.58"
"2020/02/26","13","5802.00","10371.75","6291.75"
"2020/02/26","14","5787.58","10133.50","6343.75"
"2020/02/26","15","5753.83","10042.08","6384.67"
"2020/02/26","16","5797.83","10213.08","6408.17"
"2020/02/26","17","5687.33","10642.67","6408.17"
"2020/02/26","18","5642.09","11330.27","6327.09"
"2020/02/26","19","5767.50","11374.33","6329.00"
"2020/02/26","20","5765.42","11014.83","6309.75"
"2020/02/26","21","5760.75","11063.25","6226.42"
"2020/02/26","22","5693.83","10883.58","6126.42"
"2020/02/26","23","5703.50","10778.42","6011.67"
"2020/02/27","0","5522.00","9919.67","500.17"
"2020/02/27","1","5319.33","9261.00","5049.00"
"2020/02/27","2","5314.17","9142.92","5384.25"
"2020/02/27","3","5318.75","9204.92","5270.33"
"2020/02/27","4","5431.25","9421.92","5215.17"
"2020/02/27","5","5511.33","9856.33","5227.50"
"2020/02/27","6","5693.83","10637.33","5284.92"
"2020/02/27","7","5946.83","10783.58","5496.25"
"2020/02/27","8","6081.67","10694.50","5691.92"
"2020/02/27","9","6095.83","10345.00","5803.33"
"2020/02/27","10","6158.33","9980.33","5901.83"
"2020/02/27","11","6153.33","10298.33","6001.67"
"2020/02/27","12","6107.08","10635.42","6039.33"
"2020/02/27","13","6064.42","10489.75","6054.83"
"2020/02/27","14","6038.58","10520.58","6028.50"
"2020/02/27","15","6004.00","10615.50","6004.00"
"2020/02/27","16","5981.83","10484.83","5982.83"
"2020/02/27","17","5902.58","10525.75","5931.33"
"2020/02/27","18","5862.67","10951.33","5939.83"
"2020/02/27","19","5971.83","11497.08","6032.67"
"2020/02/27","20","6013.83","11661.67","6139.08"
"2020/02/27","21","5798.25","11730.00","5974.75"
"2020/02/27","22","5660.08","11317.58","5854.50"
"2020/02/27","23","5573.75","10625.50","5790.92"
"2020/02/28","0","5399.50","9306.75","482.17"
"2020/02/28","1","5448.75","8809.00","4914.25"
"2020/02/28","2","5374.42","8523.08","5230.83"
"2020/02/28","3","5358.08","8456.83","5136.50"
"2020/02/28","4","5303.42","8381.58","5094.17"
"2020/02/28","5","5583.25","9000.42","5130.42"
"2020/02/28","6","5831.00","10233.92","5239.42"
"2020/02/28","7","5963.17","10342.83","5590.00"
"2020/02/28","8","6099.00","10312.67","5727.33"
"2020/02/28","9","6153.58","10138.50","5834.17"
"2020/02/28","10","6062.75","10112.92","5929.17"
"2020/02/28","11","6065.92","10228.67","5963.58"
"2020/02/28","12","6026.58","10070.42","5957.75"
"2020/02/28","13","6187.75","9913.00","5937.75"
"2020/02/28","14","6039.58","10245.75","5945.17"
"2020/02/28","15","6078.33","10581.08","5955.17"
"2020/02/28","16","5979.92","10614.25","5957.83"
"2020/02/28","17","5896.17","10485.33","5937.17"
"2020/02/28","18","5822.00","10905.75","5887.17"
"2020/02/28","19","5791.83","11417.00","5918.75"
"2020/02/28","20","5747.33","11304.33","5976.08"
"2020/02/28","21","5632.33","11108.42","5964.50"
"2020/02/28","22","5547.00","10546.17","5903.42"
"2020/02/28","23","5572.75","10277.42","5836.58"
"2020/02/29","0","5362.42","9859.92","485.92"
"2020/02/29","1","5307.75","9647.75","5013.25"
"2020/02/29","2","5123.42","9305.75","5323.25"
"2020/02/29","3","5010.25","9203.33","5225.67"
"2020/02/29","4","5143.75","9332.83","5197.83"
"2020/02/29","5","5199.08","9403.92","5182.25"
"2020/02/29","6","5189.17","9241.83","5299.25"
"2020/02/29","7","5135.33","9419.58","5624.42"
"2020/02/29","8","5386.67","9006.50","5861.08"
"2020/02/29","9","5505.67","9119.25","5887.33"
"2020/02/29","10","5551.67","9141.33","5976.00"
"2020/02/29","11","5621.25","9139.83","6015.17"
"2020/02/29","12","5546.08","9076.58","5991.42"
"2020/02/29","13","5596.00","9174.75","5956.92"
"2020/02/29","14","5486.25","9251.92","5929.25"
"2020/02/29","15","5383.83","9249.25","5859.17"
"2020/02/29","16","5394.58","9000.50","5788.83"
"2020/02/29","17","5303.67","9611.17","5739.92"
"2020/02/29","18","5290.58","10388.67","5681.00"
"2020/02/29","19","5520.17","10700.33","5648.50"
"2020/02/29","20","5635.67","10764.33","5718.17"
"2020/02/29","21","5576.50","10867.75","5697.50"
"2020/02/29","22","5321.08","10431.75","5629.92"
"2020/02/29","23","5041.08","9561.75","5548.83"
"2020/03/01","0","4944.08","9102.92","923.67"
"2020/03/01","1","4846.33","8721.83","4805.17"
"2020/03/01","2","4579.50","8436.67","5108.17"
"2020/03/01","3","4471.50","8291.50","5002.50"
"2020/03/01","4","4484.00","8296.75","4947.25"
"2020/03/01","5","4418.33","8213.17","4954.00"
"2020/03/01","6","4435.67","7830.67","4988.00"
"2020/03/01","7","4374.25","7691.92","5040.50"
"2020/03/01","8","4452.67","7645.00","5151.33"
"2020/03/01","9","4526.75","7596.50","5254.33"
"2020/03/01","10","4636.17","7787.58","5386.67"
"2020/03/01","11","4819.25","7831.92","5447.42"
"2020/03/01","12","4913.17","7614.75","5472.17"
"2020/03/01","13","5017.42","7526.17","5435.50"
"2020/03/01","14","5060.75","7748.92","5357.75"
"2020/03/01","15","4996.17","7939.08","5240.08"
"2020/03/01","16","4968.00","7979.00","5169.17"
"2020/03/01","17","4968.00","7979.00","5137.75"
"2020/03/01","18","4968.00","7979.00","5086.50"
"2020/03/01","19","4968.00","7979.00","5252.50"
"2020/03/01","20","4968.00","7979.00","5382.58"
"2020/03/01","21","4968.00","7979.00","5373.83"
"2020/03/01","22","4968.00","7979.00","5205.92"
"2020/03/01","23","4968.00","7979.00","5034.25"
"2020/03/02","0","4968.00","7979.00","418.33"
"2020/03/02","1","4968.00","7979.00","4330.33"
"2020/03/02","2","4968.00","7979.00","4581.00"
"2020/03/02","3","4968.00","7979.00","4442.42"
"2020/03/02","4","4968.00","7979.00","4357.67"
"2020/03/02","5","4968.00","7979.00","4333.58"
"2020/03/02","6","4968.00","7979.00","4335.33"
"2020/03/02","7","4968.00","7979.00","4338.75"
"2020/03/02","8","5001.83","8173.42","4311.50"
"2020/03/02","9","5159.92","9351.92","4352.08"
"2020/03/02","10","5519.50","11118.33","4467.83"
"2020/03/02","11","5447.58","11126.17","4547.67"
"2020/03/02","12","5156.33","9580.00","4620.00"
"2020/03/02","13","4956.42","8909.08","4675.50"
"2020/03/02","14","5146.58","9443.67","4694.67"
"2020/03/02","15","5790.33","11074.25","4692.33"
"2020/03/02","16","6690.67","10854.83","4717.67"
"2020/03/02","17","6680.00","11048.83","4754.83"
"2020/03/02","18","6475.25","11346.08","4776.33"
"2020/03/02","19","6470.83","12025.83","4930.17"
"2020/03/02","20","6449.92","12030.83","5238.25"
"2020/03/02","21","6398.83","11783.08","5367.67"
"2020/03/02","22","6298.92","11813.00","5313.75"
"2020/03/02","23","6242.33","11208.33","5140.25"
"2020/03/03","0","6015.17","10924.08","427.08"
"2020/03/03","1","5888.83","10779.00","4519.17"
"2020/03/03","2","5746.67","10688.50","4794.33"
"2020/03/03","3","5679.00","10780.42","4700.42"
"2020/03/03","4","5669.92","10896.58","4649.92"
"2020/03/03","5","5671.08","10768.08","4653.33"
"2020/03/03","6","5942.00","10835.42","4813.50"
"2020/03/03","7","6030.83","10919.25","5111.25"
"2020/03/03","8","6131.75","11031.42","5394.58"
"2020/03/03","9","6288.33","11164.83","5624.25"
"2020/03/03","10","6333.83","11052.17","5830.92"
"2020/03/03","11","6415.50","11077.75","5996.50"
"2020/03/03","12","6581.75","11410.50","6145.67"
"2020/03/03","13","6725.33","11640.42","6256.08"
"2020/03/03","14","6782.50","11865.50","6385.08"
"2020/03/03","15","6773.67","12077.50","6470.25"
"2020/03/03","16","6701.08","11978.00","6530.17"
"2020/03/03","17","6549.25","11954.83","6554.25"
"2020/03/03","18","6373.50","11768.17","6435.92"
"2020/03/03","19","6423.25","11965.92","6285.67"
"2020/03/03","20","6480.83","12063.58","6296.83"
"2020/03/03","21","6383.75","11753.67","6263.25"
"2020/03/03","22","6382.17","11415.67","6161.00"
"2020/03/03","23","6288.50","11199.17","6052.08"
"2020/03/04","0","6143.08","11223.75","503.58"
"2020/03/04","1","5949.00","11053.58","5335.00"
"2020/03/04","2","5865.92","10822.33","5654.08"
"2020/03/04","3","5796.25","10575.58","5519.83"
"2020/03/04","4","5788.92","10711.42","5437.50"
"2020/03/04","5","5905.25","10951.92","5432.83"
"2020/03/04","6","6050.33","10959.83","5488.00"
"2020/03/04","7","6131.00","11190.58","5661.67"
"2020/03/04","8","6264.75","11273.08","5815.42"
"2020/03/04","9","6468.92","11409.33","5952.67"
"2020/03/04","10","6631.75","11599.08","6087.75"
"2020/03/04","11","6698.08","11898.42","6213.58"
"2020/03/04","12","6659.17","11756.00","6309.25"
"2020/03/04","13","6604.17","10967.67","6404.08"
"2020/03/04","14","6711.67","11045.92","6490.83"
"2020/03/04","15","6754.75","11653.50","6561.25"
"2020/03/04","16","6697.25","11673.83","6603.67"
"2020/03/04","17","6486.50","11496.25","6605.33"
"2020/03/04","18","6345.50","11453.00","6516.08"
"2020/03/04","19","6391.17","11808.33","6419.08"
"2020/03/04","20","6306.58","11731.92","6410.08"
"2020/03/04","21","6248.92","11436.33","6364.17"
"2020/03/04","22","6119.92","11310.92","6270.00"
"2020/03/04","23","5997.58","11201.42","6140.17"
"2020/03/05","0","5822.33","11054.33","510.83"
"2020/03/05","1","5642.08","10773.58","5384.50"
"2020/03/05","2","5476.92","10561.83","5715.42"
"2020/03/05","3","5323.25","10384.58","5565.33"
"2020/03/05","4","5337.67","10314.50","5512.67"
"2020/03/05","5","5361.00","10542.75","5500.75"
"2020/03/05","6","5514.58","10725.58","5544.92"
"2020/03/05","7","5671.42","10685.08","5692.92"
"2020/03/05","8","5778.42","10728.75","5841.67"
"2020/03/05","9","5840.50","10503.17","5977.75"
"2020/03/05","10","5924.33","10819.83","6077.92"
"2020/03/05","11","5920.67","10938.08","6174.00"
"2020/03/05","12","5983.08","10824.00","6266.33"
"2020/03/05","13","6031.42","10885.58","6349.17"
"2020/03/05","14","6062.92","10825.50","6419.25"
"2020/03/05","15","6140.00","10826.67","6469.00"
"2020/03/05","16","6183.83","10622.75","6483.08"
"2020/03/05","17","6044.92","10776.92","6474.83"
"2020/03/05","18","5925.08","10864.75","6368.58"
"2020/03/05","19","5989.83","11348.67","6253.58"
"2020/03/05","20","6034.33","11445.00","6236.89"
"2020/03/05","21","5823.00","11284.22","6222.00"
"2020/03/05","22","5769.92","11112.08","6136.75"
"2020/03/05","23","5793.08","10901.75","6032.75"
"2020/03/06","0","5612.42","10459.92","502.00"
"2020/03/06","1","5472.83","9509.17","5269.92"
"2020/03/06","2","5315.83","8987.92","5599.58"
"2020/03/06","3","5296.83","8875.67","5484.25"
"2020/03/06","4","5317.67","8940.83","5423.67"
"2020/03/06","5","5314.17","9208.58","5421.75"
"2020/03/06","6","5521.00","10344.92","5488.92"
"2020/03/06","7","5673.17","10857.42","5594.00"
"2020/03/06","8","5870.58","10511.00","5763.42"
"2020/03/06","9","6009.08","9993.17","5887.08"
"2020/03/06","10","6168.42","10215.17","5986.17"
"2020/03/06","11","6125.75","10099.00","6075.50"
"2020/03/06","12","6155.92","10130.17","6130.33"
"2020/03/06","13","6224.08","9988.08","6149.17"
"2020/03/06","14","6208.91","10139.82","6144.55"
"2020/03/06","15","6211.08","10292.92","6115.58"
"2020/03/06","16","6240.42","10453.33","6108.42"
"2020/03/06","17","6118.33","10498.25","6074.08"
"2020/03/06","18","5961.17","10521.08","6031.58"
"2020/03/06","19","5916.42","10279.17","5992.25"
"2020/03/06","20","5855.75","10192.25","6022.92"
"2020/03/06","21","5809.67","10086.83","5978.33"
"2020/03/06","22","5780.00","10315.25","5875.00"
"2020/03/06","23","5858.08","10244.58","5742.25"
"2020/03/07","0","5702.83","10133.92","477.58"
"2020/03/07","1","5434.17","9861.42","4708.92"
"2020/03/07","2","5370.75","9173.83","5018.75"
"2020/03/07","3","5273.17","8897.33","4920.92"
"2020/03/07","4","5219.75","8896.00","4885.50"
"2020/03/07","5","5215.17","9087.58","4916.00"
"2020/03/07","6","5197.33","9459.00","5021.67"
"2020/03/07","7","5360.33","9856.00","5185.00"
"2020/03/07","8","5496.00","9775.58","5368.58"
"2020/03/07","9","5712.58","9594.33","5472.00"
"2020/03/07","10","5781.33","9948.92","5557.00"
"2020/03/07","11","5750.75","10008.33","5630.00"
"2020/03/07","12","5752.83","10005.92","5649.75"
"2020/03/07","13","5639.42","9986.33","5660.17"
"2020/03/07","14","5550.08","10040.58","5662.67"
"2020/03/07","15","5420.75","9792.50","5668.00"
"2020/03/07","16","5506.17","10021.42","5656.17"
"2020/03/07","17","5418.33","10328.67","5612.83"
"2020/03/07","18","5500.17","10701.17","5527.42"
"2020/03/07","19","5664.75","11058.67","5511.67"
"2020/03/07","20","5720.42","11299.67","5550.33"
"2020/03/07","21","5548.33","11291.42","5465.08"
"2020/03/07","22","5307.25","11102.75","5362.58"
"2020/03/07","23","5082.00","10017.58","5270.58"
"2020/03/08","0","4892.67","9114.25","438.58"
"2020/03/08","1","4843.75","8432.50","4872.08"
"2020/03/08","2","4805.42","8306.25","5145.42"
"2020/03/08","3","4854.75","8267.08","5009.92"
"2020/03/08","4","4824.75","8132.33","4955.00"
"2020/03/08","5","4800.25","8162.42","4959.25"
"2020/03/08","6","4772.83","8379.50","4992.08"
"2020/03/08","7","4687.67","8056.42","5079.33"
"2020/03/08","8","4692.08","7480.00","5174.08"
"2020/03/08","9","4897.42","7587.83","5292.92"
"2020/03/08","10","4961.58","7841.50","5386.42"
"2020/03/08","11","5046.92","7783.75","5458.17"
"2020/03/08","12","4870.25","7607.50","5489.67"
"2020/03/08","13","4820.17","7925.17","5493.83"
"2020/03/08","14","4924.42","8308.67","5461.92"
"2020/03/08","15","4870.58","8452.92","5344.42"
"2020/03/08","16","4884.33","8892.33","5258.44"
"2020/03/08","17","4826.00","9031.50","5219.67"
"2020/03/08","18","4885.67","9579.92","5247.25"
"2020/03/08","19","5102.58","10379.42","5292.50"
"2020/03/08","20","5299.00","10767.25","5521.00"
"2020/03/08","21","5276.75","10640.75","5523.58"
"2020/03/08","22","5200.83","10346.67","5397.33"
"2020/03/08","23","5030.00","9967.25","5215.50"
"2020/03/09","0","4902.58","9136.75","433.33"
"2020/03/09","1","4845.75","8579.00","3948.33"
"2020/03/09","2","4654.25","8318.33","4583.08"
"2020/03/09","3","4719.92","8045.50","4441.58"
"2020/03/09","4","4758.75","7964.25","4358.50"
"2020/03/09","5","4876.67","8381.50","4324.50"
"2020/03/09","6","5196.92","9413.92","4315.58"
"2020/03/09","7","5381.42","9905.67","4314.08"
"2020/03/09","8","5827.33","10154.58","4292.92"
"2020/03/09","9","6001.42","10603.50","4375.33"
"2020/03/09","10","6037.75","11364.83","4479.25"
"2020/03/09","11","6162.09","11564.09","4564.36"
"2020/03/09","12","6183.67","11414.58","4624.25"
"2020/03/09","13","6299.50","11404.58","4652.83"
"2020/03/09","14","6247.17","11595.67","4677.92"
"2020/03/09","15","6209.17","11559.33","4701.67"
"2020/03/09","16","6192.08","11774.42","4723.42"
"2020/03/09","17","6194.25","11892.08","4743.33"
"2020/03/09","18","6123.75","11865.83","4796.33"
"2020/03/09","19","6200.50","11730.42","4946.75"
"2020/03/09","20","6182.00","11586.25","5261.58"
"2020/03/09","21","5970.00","11613.83","5344.00"
"2020/03/09","22","5911.08","11698.33","5271.08"
"2020/03/09","23","5829.67","11425.42","5100.83"
"2020/03/10","0","5649.42","10816.08","423.83"
"2020/03/10","1","5512.58","10116.92","4402.75"
"2020/03/10","2","5439.42","9402.17","4706.75"
"2020/03/10","3","5366.33","9269.00","4631.08"
"2020/03/10","4","5487.83","9281.50","4596.58"
"2020/03/10","5","5579.00","9597.08","4631.58"
"2020/03/10","6","5851.08","10846.33","4735.00"
"2020/03/10","7","5920.83","11028.33","5060.25"
"2020/03/10","8","6028.58","11216.92","5339.17"
"2020/03/10","9","6239.67","11143.17","5568.25"
"2020/03/10","10","6344.58","10907.08","5726.33"
"2020/03/10","11","6371.25","10891.17","5861.83"
"2020/03/10","12","6472.67","11107.25","5963.75"
"2020/03/10","13","6487.42","11041.25","6059.08"
"2020/03/10","14","6475.58","11111.75","6142.17"
"2020/03/10","15","6484.33","11516.25","6182.00"
"2020/03/10","16","6487.92","11915.50","6208.83"
"2020/03/10","17","6338.33","12101.42","6219.25"
"2020/03/10","18","6182.33","11998.33","6153.33"
"2020/03/10","19","6319.17","12149.42","6068.50"
"2020/03/10","20","6223.92","12152.00","6083.08"
"2020/03/10","21","6165.92","11913.83","6020.83"
"2020/03/10","22","6040.42","11749.08","5924.25"
"2020/03/10","23","5912.92","11603.00","5818.83"
"2020/03/11","0","5746.58","11419.67","484.17"
"2020/03/11","1","5614.75","10767.83","5161.75"
"2020/03/11","2","5489.00","9791.83","5459.58"
"2020/03/11","3","5418.58","9624.17","5326.67"
"2020/03/11","4","5509.42","9835.83","5274.75"
"2020/03/11","5","5469.42","10284.42","5271.92"
"2020/03/11","6","5740.33","10915.75","5361.83"
"2020/03/11","7","5994.75","11228.67","5508.42"
"2020/03/11","8","6182.92","10739.75","5691.50"
"2020/03/11","9","6347.75","10765.50","5856.42"
"2020/03/11","10","6402.25","11216.58","5991.00"
"2020/03/11","11","6519.58","11191.25","6097.33"
"2020/03/11","12","6602.83","11217.67","6194.92"
"2020/03/11","13","6684.92","11135.17","6297.42"
"2020/03/11","14","6741.00","11320.17","6374.75"
"2020/03/11","15","6796.17","11676.58","6424.08"
"2020/03/11","16","6875.25","11956.00","6456.42"
"2020/03/11","17","6701.33","12072.08","6464.50"
"2020/03/11","18","6486.58","12270.17","6424.67"
"2020/03/11","19","6603.17","12587.83","6330.25"
"2020/03/11","20","6569.33","12381.25","6359.58"
"2020/03/11","21","6534.67","12568.67","6311.67"
"2020/03/11","22","6366.58","12289.50","6208.92"
"2020/03/11","23","6359.58","12106.00","6097.33"
"2020/03/12","0","6030.08","11812.08","507.33"
"2020/03/12","1","5905.42","11278.58","5168.17"
"2020/03/12","2","5765.08","10769.83","5468.42"
"2020/03/12","3","5746.42","10454.67","5340.25"
"2020/03/12","4","5686.00","10167.33","5301.58"
"2020/03/12","5","5789.08","10458.08","5317.33"
"2020/03/12","6","5993.25","11372.00","5387.75"
"2020/03/12","7","6034.83","11336.67","5558.08"
"2020/03/12","8","6273.83","11048.58","5692.17"
"2020/03/12","9","6334.92","11195.33","5843.25"
"2020/03/12","10","6467.33","11686.67","5975.17"
"2020/03/12","11","6578.33","11787.58","6084.08"
"2020/03/12","12","6681.83","12007.50","6198.42"
"2020/03/12","13","6850.83","12161.17","6285.92"
"2020/03/12","14","6921.50","12170.17","6381.92"
"2020/03/12","15","7008.75","12379.33","6445.92"
"2020/03/12","16","6960.17","12521.25","6491.33"
"2020/03/12","17","6872.42","12583.58","6528.92"
"2020/03/12","18","6592.50","12598.50","6461.42"
"2020/03/12","19","6668.42","12493.25","6332.17"
"2020/03/12","20","6474.08","12215.17","6386.08"
"2020/03/12","21","6391.67","12073.50","6318.67"
"2020/03/12","22","6397.42","12005.00","6242.33"
"2020/03/12","23","6434.92","12001.92","6146.17"
"2020/03/13","0","6296.82","11773.45","558.00"
"2020/03/13","1","6050.00","11559.58","5369.83"
"2020/03/13","2","5887.33","11445.92","5688.83"
"2020/03/13","3","5807.67","11165.58","5529.42"
"2020/03/13","4","5710.50","11038.00","5464.83"
"2020/03/13","5","5830.50","11049.92","5468.25"
"2020/03/13","6","6003.83","11220.17","5544.17"
"2020/03/13","7","6095.67","11214.92","5711.42"
"2020/03/13","8","6398.75","11123.08","5884.58"
"2020/03/13","9","6680.58","11321.50","6050.25"
"2020/03/13","10","6783.08","11689.83","6150.92"
"2020/03/13","11","6904.67","11786.17","6332.17"
"2020/03/13","12","6985.33","11925.50","6432.83"
"2020/03/13","13","7105.08","12045.42","6535.42"
"2020/03/13","14","7128.25","12095.67","6626.50"
"2020/03/13","15","7117.08","12283.08","6744.92"
"2020/03/13","16","7105.67","12398.00","6777.00"
"2020/03/13","17","6979.00","12398.42","6768.92"
"2020/03/13","18","6736.25","12529.92","6635.08"
"2020/03/13","19","6743.25","12533.33","6493.75"
"2020/03/13","20","6756.67","12267.58","6540.67"
"2020/03/13","21","6726.00","12064.17","6510.25"
"2020/03/13","22","6676.17","11898.50","6414.42"
"2020/03/13","23","6612.42","11683.50","6316.17"
"2020/03/14","0","6513.83","11705.58","525.67"
"2020/03/14","1","6316.33","11634.75","5632.92"
"2020/03/14","2","6176.17","11314.92","6005.67"
"2020/03/14","3","6166.67","11221.67","5876.58"
"2020/03/14","4","6070.50","11046.92","5799.33"
"2020/03/14","5","5926.42","10938.92","5801.58"
"2020/03/14","6","5860.25","10876.67","5864.42"
"2020/03/14","7","5938.83","11003.42","5998.33"
"2020/03/14","8","6151.25","10406.50","6054.00"
"2020/03/14","9","6327.33","10427.17","6203.75"
"2020/03/14","10","6537.67","10452.42","6332.50"
"2020/03/14","11","6617.83","10625.33","6475.00"
"2020/03/14","12","6680.75","11087.75","6597.92"
"2020/03/14","13","6651.08","11191.75","6720.75"
"2020/03/14","14","6662.33","11264.58","6826.33"
"2020/03/14","15","6616.67","11331.58","6902.83"
"2020/03/14","16","6655.00","11257.42","6946.58"
"2020/03/14","17","6548.08","11248.17","6916.08"
"2020/03/14","18","6367.58","11383.42","6776.42"
"2020/03/14","19","6560.83","11757.25","6632.92"
"2020/03/14","20","6592.67","11728.83","6665.92"
"2020/03/14","21","6453.58","11812.75","6584.75"
"2020/03/14","22","6194.25","11546.08","6492.67"
"2020/03/14","23","6084.75","11520.33","6411.67"
"2020/03/15","0","5937.92","11231.25","533.75"
"2020/03/15","1","5758.33","10968.17","5697.08"
"2020/03/15","2","5656.83","10824.33","6090.33"
"2020/03/15","3","5551.42","10204.75","5950.67"
"2020/03/15","4","5439.92","9855.83","5852.83"
"2020/03/15","5","5433.08","9978.58","5819.33"
"2020/03/15","6","5308.50","9824.42","5817.00"
"2020/03/15","7","5337.75","9315.75","5833.50"
"2020/03/15","8","5305.58","8326.92","5876.25"
"2020/03/15","9","5379.92","7907.25","5997.33"
"2020/03/15","10","5440.50","8333.25","6160.17"
"2020/03/15","11","5550.00","8352.83","6317.00"
"2020/03/15","12","5588.50","8305.58","6411.58"
"2020/03/15","13","5597.25","8531.58","6451.08"
"2020/03/15","14","5541.83","9019.50","6443.92"
"2020/03/15","15","5518.00","9537.33","6392.58"
"2020/03/15","16","5439.33","10179.17","6306.42"
"2020/03/15","17","5324.17","10495.58","6263.25"
"2020/03/15","18","5164.25","10695.17","6227.00"
"2020/03/15","19","5422.42","11099.92","6230.42"
"2020/03/15","20","5455.75","11079.25","6423.50"
"2020/03/15","21","5470.33","10924.25","6427.25"
"2020/03/15","22","5417.33","10856.33","6316.92"
"2020/03/15","23","5255.83","10762.08","6145.67"
"2020/03/16","0","5110.58","10211.42","510.92"
"2020/03/16","1","4894.50","9605.83","5195.67"
"2020/03/16","2","4750.58","9232.67","5517.67"
"2020/03/16","3","4723.00","9049.83","5389.42"
"2020/03/16","4","4685.50","8644.50","5276.33"
"2020/03/16","5","4903.75","8436.83","5218.42"
"2020/03/16","6","4976.33","8227.50","5163.58"
"2020/03/16","7","4961.75","8232.50","5094.83"
"2020/03/16","8","5103.83","7986.08","5007.42"
"2020/03/16","9","5309.92","8170.92","5056.83"
"2020/03/16","10","5300.17","8717.42","5161.00"
"2020/03/16","11","5373.25","9300.83","5256.17"
"2020/03/16","12","5473.92","10027.42","5350.17"
"2020/03/16","13","5557.00","10044.33","5411.33"
"2020/03/16","14","5434.42","10262.42","5473.33"
"2020/03/16","15","5482.67","10428.75","5508.25"
"2020/03/16","16","5534.33","10481.42","5500.00"
"2020/03/16","17","5511.42","10070.58","5496.25"
"2020/03/16","18","5566.50","10837.67","5500.58"
"2020/03/16","19","5940.58","11323.08","5574.33"
"2020/03/16","20","6002.67","11325.50","5856.00"
"2020/03/16","21","5942.67","11401.67","5969.00"
"2020/03/16","22","5719.92","10759.83","5969.67"
"2020/03/16","23","5605.33","10023.00","5842.50"
"2020/03/17","0","5519.42","9473.08","485.92"
"2020/03/17","1","5452.58","9059.67","4465.00"
"2020/03/17","2","5408.58","8854.33","5217.75"
"2020/03/17","3","5255.33","8709.75","5105.08"
"2020/03/17","4","5242.67","8869.67","5008.00"
"2020/03/17","5","5372.67","9318.25","4968.83"
"2020/03/17","6","5622.67","10310.92","4982.50"
"2020/03/17","7","5883.92","10539.25","4985.83"
"2020/03/17","8","6147.58","10290.92","5014.42"
"2020/03/17","9","6367.00","10494.92","5116.00"
"2020/03/17","10","6462.29","10519.86","5162.71"
"2020/03/17","19","6703.71","11829.00","5812.00"
"2020/03/17","20","6729.00","11830.25","6156.67"
"2020/03/17","21","6565.17","11715.58","6253.08"
"2020/03/17","22","6598.92","11750.08","6206.75"
"2020/03/17","23","6565.17","11601.33","6041.58"
"2020/03/18","0","6424.42","11726.92","502.25"
"2020/03/18","1","6300.50","11395.58","4939.92"
"2020/03/18","2","6159.50","11041.75","5247.83"
"2020/03/18","3","6074.58","10824.25","5132.33"
"2020/03/18","4","6049.00","10729.33","5069.83"
"2020/03/18","5","6031.17","10797.83","5081.50"
"2020/03/18","6","6132.17","10856.08","5161.83"
"2020/03/18","7","6158.50","11069.58","5353.25"
"2020/03/18","8","6349.17","10898.75","5543.25"
"2020/03/18","9","6594.00","11248.92","5751.50"
"2020/03/18","10","6686.50","11511.83","5943.17"
"2020/03/18","11","6733.42","11670.08","6082.33"
"2020/03/18","12","6934.00","11787.33","6236.25"
"2020/03/18","13","7044.00","11892.83","6356.17"
"2020/03/18","14","7076.25","11861.58","6474.17"
"2020/03/18","15","7143.83","11894.00","6539.92"
"2020/03/18","16","7109.08","11956.42","6560.58"
"2020/03/18","17","6984.67","12135.08","6531.75"
"2020/03/18","18","6780.75","12378.42","6386.92"
"2020/03/18","19","6771.42","12383.08","6205.33"
"2020/03/18","20","6776.25","12242.25","6302.75"
"2020/03/18","21","6690.25","12147.42","6251.58"
"2020/03/18","22","6764.33","12081.08","6170.83"
"2020/03/18","23","6724.50","11738.25","6077.83"
"2020/03/19","0","6561.58","11262.33","505.83"
"2020/03/19","1","6339.58","11021.17","5423.00"
"2020/03/19","2","6133.50","10922.58","5689.58"
"2020/03/19","3","6107.17","11107.42","5517.75"
"2020/03/19","4","6060.00","11095.08","5459.08"
"2020/03/19","5","6048.08","11134.33","5464.17"
"2020/03/19","6","6088.42","11081.83","5524.17"
"2020/03/19","7","6130.00","11028.50","5645.08"
"2020/03/19","8","6505.50","10740.83","5808.08"
"2020/03/19","9","6650.83","10920.42","6004.42"
"2020/03/19","10","6872.58","11041.58","6186.00"
"2020/03/19","11","7074.17","11492.08","6327.50"
"2020/03/19","12","7258.83","11620.42","6436.17"
"2020/03/19","13","7433.83","11787.33","6532.08"
"2020/03/19","14","7406.83","11810.83","6623.42"
"2020/03/19","15","7468.92","11876.50","6701.58"
"2020/03/19","16","7530.25","12272.50","6760.25"
"2020/03/19","17","7350.00","12281.25","6737.50"
"2020/03/19","18","7206.00","12536.25","6638.75"
"2020/03/19","19","7190.17","12616.92","6470.50"
"2020/03/19","20","7148.25","12562.25","6540.33"
"2020/03/19","21","7223.83","12343.25","6485.67"
"2020/03/19","22","7099.67","12314.25","6412.17"
"2020/03/19","23","7078.67","12206.42","6341.83"
"2020/03/20","0","6951.50","11868.92","528.00"
"2020/03/20","1","6782.42","11550.92","5847.42"
"2020/03/20","2","6632.42","11184.58","6203.92"
"2020/03/20","3","6494.08","11056.75","6062.42"
"2020/03/20","4","6358.25","10927.50","5942.83"
"2020/03/20","5","6275.25","11116.08","5897.25"
"2020/03/20","6","6324.67","11461.25","5946.25"
"2020/03/20","7","6486.92","11349.08","6039.92"
"2020/03/20","8","6661.42","10861.08","6151.58"
"2020/03/20","9","6903.25","10801.17","6351.67"
"2020/03/20","10","6973.08","11087.92","6530.33"
"2020/03/20","11","7071.92","11245.33","6664.17"
"2020/03/20","12","6955.50","11140.42","6786.83"
"2020/03/20","13","6952.17","11189.42","6907.92"
"2020/03/20","14","6895.08","11421.00","7012.42"
"2020/03/20","15","6661.75","11573.42","7109.92"
"2020/03/20","16","6620.92","11746.75","7162.92"
"2020/03/20","17","6455.33","11742.25","7165.17"
"2020/03/20","18","6394.25","11917.17","7049.50"
"2020/03/20","19","6398.83","11857.42","6868.50"
"2020/03/20","20","6356.83","11658.08","6872.25"
"2020/03/20","21","6212.00","11418.42","6841.00"
"2020/03/20","22","6175.00","11064.42","6794.67"
"2020/03/20","23","6244.25","11051.00","6736.50"
"2020/03/21","0","6084.67","10930.83","561.00"
"2020/03/21","1","5926.58","10777.42","5918.00"
"2020/03/21","2","5726.17","10809.08","6292.67"
"2020/03/21","3","5829.00","10826.83","6136.25"
"2020/03/21","4","5624.58","10330.58","6037.92"
"2020/03/21","5","5661.00","10511.67","5998.83"
"2020/03/21","6","5643.58","10811.08","6007.92"
"2020/03/21","7","5538.00","10902.58","6060.33"
"2020/03/21","8","5671.50","10959.25","6176.83"
"2020/03/21","9","5884.92","10905.08","6352.83"
"2020/03/21","10","5964.83","10860.33","6501.50"
"2020/03/21","11","6042.58","10792.50","6633.00"
"2020/03/21","12","5893.42","10674.75","6744.83"
"2020/03/21","13","5872.50","10746.33","6848.42"
"2020/03/21","14","5701.17","10452.00","6914.75"
"2020/03/21","15","5598.33","10482.50","6932.83"
"2020/03/21","16","5559.50","10546.75","6928.50"
"2020/03/21","17","5493.58","10786.08","6896.83"
"2020/03/21","18","5334.50","11085.50","6785.83"
"2020/03/21","19","5582.75","11408.83","6639.33"
"2020/03/21","20","5629.92","11562.75","6595.50"
"2020/03/21","21","5554.17","11458.33","6520.67"
"2020/03/21","22","5249.92","11090.83","6437.00"
"2020/03/21","23","5102.17","10533.75","6350.25"
"2020/03/22","0","4991.08","9955.67","528.58"
"2020/03/22","1","4904.58","9173.00","5545.83"
"2020/03/22","2","4707.25","8763.67","5902.42"
"2020/03/22","3","4670.75","8754.75","5795.50"
"2020/03/22","4","4568.50","8647.00","5699.92"
"2020/03/22","5","4495.08","8662.17","5641.17"
"2020/03/22","6","4415.17","8561.00","5636.00"
"2020/03/22","7","4362.58","8387.92","5624.50"
"2020/03/22","8","4418.92","8064.75","5687.08"
"2020/03/22","9","4583.17","7856.25","5832.33"
"2020/03/22","10","4727.25","7844.50","5967.83"
"2020/03/22","11","4882.42","8077.00","6049.58"
"2020/03/22","12","5113.17","8500.00","6088.08"
"2020/03/22","13","5079.92","8708.67","6105.67"
"2020/03/22","14","5090.25","8758.00","6079.50"
"2020/03/22","15","5032.50","9398.83","5968.83"
"2020/03/22","16","5102.33","9596.17","5872.83"
"2020/03/22","17","5081.83","9558.75","5824.17"
"2020/03/22","18","5196.33","9814.67","5858.17"
"2020/03/22","19","5496.92","10434.92","5881.25"
"2020/03/22","20","5581.00","10523.83","5982.92"
"2020/03/22","21","5527.50","10758.58","6024.08"
"2020/03/22","22","5515.83","11079.67","5884.92"
"2020/03/22","23","5408.42","10514.42","5631.83"
"2020/03/23","0","5280.42","9724.92","467.50"
"2020/03/23","1","5136.92","9339.75","4478.83"
"2020/03/23","2","5015.58","9039.33","4777.83"
"2020/03/23","3","5006.25","8887.92","4696.50"
"2020/03/23","4","5061.50","8970.25","4620.33"
"2020/03/23","5","5125.17","9136.75","4581.00"
"2020/03/23","6","5334.75","9847.33","4575.25"
"2020/03/23","7","5611.17","10055.42","4596.08"
"2020/03/23","8","5828.92","9700.67","4554.00"
"2020/03/23","9","6154.25","10287.42","4594.92"
"2020/03/23","10","6349.67","10684.92","4672.33"
"2020/03/23","11","6348.75","10871.83","4765.17"
"2020/03/23","12","6443.08","10907.50","4841.75"
"2020/03/23","13","6666.33","11115.33","4908.50"
"2020/03/23","14","6666.25","11280.42","4950.67"
"2020/03/23","15","6705.92","11620.67","4973.25"
"2020/03/23","16","6757.08","11581.50","4985.08"
"2020/03/23","17","6477.83","11475.33","4975.00"
"2020/03/23","18","6499.83","12005.75","5004.25"
"2020/03/23","19","6474.83","12223.42","5125.25"
"2020/03/23","20","6456.33","12045.83","5486.17"
"2020/03/23","21","6506.33","11821.67","5562.92"
"2020/03/23","22","6313.50","11865.42","5552.33"
"2020/03/23","23","6400.92","11852.50","5364.00"
"2020/03/24","0","6124.92","11396.92","445.58"
"2020/03/24","1","5968.50","11127.33","4483.42"
"2020/03/24","2","5774.58","11069.67","4778.25"
"2020/03/24","3","5773.83","11138.00","4686.42"
"2020/03/24","4","5677.08","11168.75","4638.67"
"2020/03/24","5","5712.00","11259.42","4652.42"
"2020/03/24","6","5770.75","11250.00","4740.17"
"2020/03/24","7","5930.42","11163.67","5011.08"
"2020/03/24","8","6185.58","10680.42","5278.83"
"2020/03/24","9","6416.67","10668.08","5566.83"
"2020/03/24","10","6324.42","10541.50","5783.50"
"2020/03/24","11","6620.00","10446.00","5971.50"
"2020/03/24","12","7016.92","10220.17","6119.92"
"2020/03/24","13","7049.08","10019.75","6250.25"
"2020/03/24","14","7409.00","10031.83","6355.42"
"2020/03/24","15","7430.00","10154.17","6442.83"
"2020/03/24","16","7475.17","10462.50","6497.67"
"2020/03/24","17","7386.08","10879.33","6511.33"
"2020/03/24","18","7094.67","11287.58","6438.25"
"2020/03/24","19","7015.75","11785.92","6297.17"
"2020/03/24","20","7171.33","12284.50","6266.67"
"2020/03/24","21","7173.92","12263.92","6169.67"
"2020/03/24","22","7151.92","12279.92","6085.83"
"2020/03/24","23","7071.25","12283.42","5997.42"
"2020/03/25","0","6822.33","12071.42","499.17"
"2020/03/25","1","6626.42","11904.00","5479.83"
"2020/03/25","2","6486.92","11756.08","5846.92"
"2020/03/25","3","6368.17","11385.25","5723.17"
"2020/03/25","4","6293.50","11273.42","5670.50"
"2020/03/25","5","6254.08","11233.08","5667.83"
"2020/03/25","6","6238.58","11177.58","5703.83"
"2020/03/25","7","6341.58","11287.67","5813.33"
"2020/03/25","8","6521.67","11184.42","5955.92"
"2020/03/25","9","6716.25","11288.50","6124.75"
"2020/03/25","10","6970.17","11387.50","6272.00"
"2020/03/25","11","7183.00","11369.00","6526.50"
"2020/03/25","12","7421.58","11275.33","6662.92"
"2020/03/25","13","7534.00","11608.36","6832.00"
"2020/03/25","14","7572.00","11821.42","6926.42"
"2020/03/25","15","7542.25","11882.67","7006.50"
"2020/03/25","16","7563.33","11839.75","7058.83"
"2020/03/25","17","7572.89","12074.89","7047.89"
"2020/03/25","20","7323.67","12779.00","6774.00"
"2020/03/25","21","7333.58","12880.83","6711.67"
"2020/03/25","22","7263.75","12972.75","6552.92"
"2020/03/25","23","7345.33","12726.92","6458.33"
"2020/03/26","0","7047.17","12341.00","537.58"
"2020/03/26","1","6737.33","12048.58","5542.17"
"2020/03/26","2","6607.25","11818.08","5869.08"
"2020/03/26","3","6485.17","11257.92","5705.42"
"2020/03/26","4","6431.92","11265.25","5619.58"
"2020/03/26","5","6254.92","11924.50","5579.08"
"2020/03/26","6","6328.83","11935.42","5581.50"
"2020/03/26","7","6314.33","11718.75","5604.00"
"2020/03/26","8","6549.08","11712.83","5716.00"
"2020/03/26","9","6578.92","11437.33","5879.08"
"2020/03/26","10","6685.33","11530.08","6121.25"
"2020/03/26","11","6926.50","11836.58","6320.75"
"2020/03/26","12","7137.25","12156.67","6465.33"
"2020/03/26","13","7331.50","12109.75","6610.83"
"2020/03/26","14","7422.17","12187.67","6747.67"
"2020/03/26","15","7627.17","12348.50","6870.83"
"2020/03/26","16","7583.57","12575.43","6929.00"
"2020/03/26","17","7403.40","12781.20","6922.00"
"2020/03/26","18","7263.83","13025.50","6826.67"
"2020/03/26","19","7286.25","13152.83","6674.08"
"2020/03/26","20","7270.25","12903.58","6639.92"
"2020/03/26","21","7271.00","12903.00","6638.00"
"2020/03/26","22","7271.00","12903.00","6638.00"
"2020/03/26","23","7271.00","12903.00","6638.00"
"2020/03/27","0","7271.00","12903.00","6638.00"
"2020/03/27","1","7271.00","12903.00","6638.00"
"2020/03/27","2","7271.00","12903.00","6638.00"
"2020/03/27","3","7271.00","12903.00","6638.00"
"2020/03/27","4","7271.00","12903.00","6638.00"
"2020/03/27","5","7271.00","12903.00","6638.00"
"2020/03/27","6","7271.00","12903.00","6638.00"
"2020/03/27","7","7271.00","12903.00","6638.00"
"2020/03/27","8","7271.00","12903.00","6638.00"
"2020/03/27","9","7141.67","12497.67","6534.67"
"2020/03/27","10","6984.25","11751.25","6473.83"
"2020/03/27","11","7098.17","11806.08","6738.42"
"2020/03/27","12","7151.67","11698.33","6901.50"
"2020/03/27","13","7423.17","11442.58","6999.00"
"2020/03/27","14","7533.25","11203.83","7195.00"
"2020/03/27","15","7586.08","11350.67","7321.75"
"2020/03/27","16","7634.00","11305.75","7395.25"
"2020/03/27","17","7384.00","11231.83","7412.00"
"2020/03/27","18","7085.92","11502.75","7293.83"
"2020/03/27","19","7242.33","12031.92","7082.25"
"2020/03/27","20","7267.92","11851.92","7037.42"
"2020/03/27","21","7223.33","11935.42","7009.17"
"2020/03/27","22","7181.75","12000.42","6976.50"
"2020/03/27","23","7204.67","11921.92","6945.58"